{
	"$schema": "https://schemas.wp.org/wp/6.2/theme.json",
	"customTemplates": [],
	"settings": {
		"appearanceTools": true,
		"color": {
			"gradients": [],
			"palette": [
				{
					"slug": "theme-0",
					"name": "violet",
					"color": "#986df8"
				},
				{
					"slug": "theme-1",
					"name": "Dark Purple",
					"color": "#1a154c"
				},
				{
					"slug": "theme-2",
					"name": "Dark Grey",
					"color": "#5b5a67"
				},
				{
					"slug": "theme-3",
					"name": "Twitter",
					"color": "#33ccff"
				},
				{
					"slug": "theme-4",
					"name": "Facebook",
					"color": "#337fff"
				},
				{
					"slug": "theme-5",
					"name": "Soft Orange",
					"color": "#ffe5da"
				},
				{
					"slug": "theme-6",
					"name": "Orange",
					"color": "#fc7629"
				},
				{
					"slug": "theme-7",
					"name": "Green",
					"color": "#00a558"
				},
				{
					"slug": "theme-8",
					"name": "Blue",
					"color": "#0b65c2"
				},
				{
					"slug": "theme-9",
					"name": "Instagram",
					"color": "#d82d7e"
				},
				{
					"slug": "theme-10",
					"name": "Dark Violet",
					"color": "#8651fa"
				},
				{
					"slug": "theme-11",
					"name": "Background",
					"color": "#fff6ef"
				},
				{
					"slug": "theme-12",
					"name": "Black",
					"color": "#000000"
				},
				{
					"slug": "theme-13",
					"name": "Light Grey",
					"color": "#ebebeb"
				},
				{
					"slug": "theme-14",
					"name": "Grey",
					"color": "#a09fac"
				},
				{
					"slug": "theme-15",
					"name": "Line Color",
					"color": "#835dcf"
				}
			]
		},
		"custom": {
			"headings": {
				"typography": {
					"fontFamily": "var(--wp--preset--font-family--primary)"
				}
			}
		},
		"layout": {
			"contentSize": null,
			"wideSize": null
		},
		"spacing": {
			"padding": true,
			"margin": true,
			"blockGap": true,
			"units": [
				"px",
				"em",
				"rem",
				"vh",
				"vw"
			]
		},
		"typography": {
			"customFontSize": true,
			"fontFamilies": [
				{
					"fontFace": [
						{
							"fontFamily": "Mulish",
							"fontStretch": "normal",
							"fontStyle": "normal",
							"fontWeight": "regular",
							"src": [
								"file:./assets/fonts/mulish/mulish-v12-latin-regular.woff2"
							]
						},
						{
							"fontFamily": "Mulish",
							"fontStretch": "normal",
							"fontStyle": "normal",
							"fontWeight": "500",
							"src": [
								"file:./assets/fonts/mulish/mulish-v12-latin-500.woff2"
							]
						},
						{
							"fontFamily": "Mulish",
							"fontStretch": "normal",
							"fontStyle": "normal",
							"fontWeight": "700",
							"src": [
								"file:./assets/fonts/mulish/mulish-v12-latin-700.woff2"
							]
						},
						{
							"fontFamily": "Mulish",
							"fontStretch": "normal",
							"fontStyle": "normal",
							"fontWeight": "800",
							"src": [
								"file:./assets/fonts/mulish/mulish-v12-latin-800.woff2"
							]
						},
						{
							"fontFamily": "Mulish",
							"fontStretch": "normal",
							"fontStyle": "normal",
							"fontWeight": "600",
							"src": [
								"file:./assets/fonts/mulish/mulish-v12-latin-600.woff2"
							]
						}
					],
					"fontFamily": "Mulish",
					"name": "Mulish",
					"slug": "mulish"
				},
				{
					"fontFace": [
						{
							"fontFamily": "Hind Siliguri",
							"fontStretch": "normal",
							"fontStyle": "normal",
							"fontWeight": "regular",
							"src": [
								"file:./assets/fonts/hind-siliguri/hind-siliguri-v12-latin-regular.woff2"
							]
						},
						{
							"fontFamily": "Hind Siliguri",
							"fontStretch": "normal",
							"fontStyle": "normal",
							"fontWeight": "500",
							"src": [
								"file:./assets/fonts/hind-siliguri/hind-siliguri-v12-latin-500.woff2"
							]
						},
						{
							"fontFamily": "Hind Siliguri",
							"fontStretch": "normal",
							"fontStyle": "normal",
							"fontWeight": "600",
							"src": [
								"file:./assets/fonts/hind-siliguri/hind-siliguri-v12-latin-600.woff2"
							]
						},
						{
							"fontFamily": "Hind Siliguri",
							"fontStretch": "normal",
							"fontStyle": "normal",
							"fontWeight": "800",
							"src": [
								"file:./assets/fonts/hind-siliguri/"
							]
						},
						{
							"fontFamily": "Hind Siliguri",
							"fontStretch": "normal",
							"fontStyle": "normal",
							"fontWeight": "700",
							"src": [
								"file:./assets/fonts/hind-siliguri/hind-siliguri-v12-latin-700.woff2"
							]
						}
					],
					"fontFamily": "Hind Siliguri",
					"name": "Hind Siliguri",
					"slug": "hind-siliguri"
				}
			],
			"fontSizes": [
				{
					"fluid": {
						"min": "0.875rem",
						"max": "1rem"
					},
					"size": "1rem",
					"slug": "small"
				},
				{
					"fluid": {
						"min": "1rem",
						"max": "1.125rem"
					},
					"size": "1.125rem",
					"slug": "medium"
				},
				{
					"fluid": {
						"min": "1.75rem",
						"max": "1.875rem"
					},
					"size": "1.75rem",
					"slug": "large"
				},
				{
					"fluid": false,
					"size": "2.25rem",
					"slug": "x-large"
				},
				{
					"fluid": {
						"min": "4rem",
						"max": "10rem"
					},
					"size": "10rem",
					"slug": "xx-large"
				},
				{
					"size": "clamp(36px, 4.583vw, 66px )",
					"slug": "heading-1"
				},
				{
					"size": "clamp(36px, 3.888vw, 56px )",
					"slug": "heading-page"
				},
				{
					"size": "clamp(32px, 3.194vw, 46px)",
					"slug": "heading-2"
				},
				{
					"size": "clamp(28px, 2.361vw, 34px)",
					"slug": "heading-3"
				},
				{
					"size": "clamp(24px, 1.805vw, 26px)",
					"slug": "heading-4"
				},
				{
					"size": "clamp(24px, 1.666vw, 24px)",
					"slug": "heading-5"
				},
				{
					"size": "clamp(20px, 1.527vw, 22px)",
					"slug": "heading-6"
				},
				{
					"size": "clamp(92px, 9.444vw, 136px)",
					"slug": "font-not-found"
				}
			]
		}
	},
	"styles": {
		"spacing": {
			"blockGap": "0"
		},
		"elements": {
			"link": {
				"color": {
					"text": "var(--wp--preset--color--theme-1)"
				},
				":hover": {
					"color": {
						"text": "var(--wp--preset--color--theme-0)"
					}
				}
			},
			"button": {
				"color": {
					"background": "var:preset|color|theme-0"
				}
			}
		},
		"color": {
			"background": "#ffffff",
			"text": "var:preset|color|theme-1"
		}
	},
	"templateParts": [
		{
			"area": "header",
			"name": "header"
		},
		{
			"area": "footer",
			"name": "footer"
		}
	],
	"version": 2
}