[{"fields":{"0":{"id":"0","type":"name","label":"Name","format":"first-last","description":"","required":"1","size":"large","simple_placeholder":"","simple_default":"","first_placeholder":"","first_default":"","middle_placeholder":"","middle_default":"","last_placeholder":"","last_default":"","css":""},"1":{"id":"1","type":"email","label":"Email","description":"","required":"1","size":"large","placeholder":"","confirmation_placeholder":"","default_value":false,"filter_type":"","allowlist":"","denylist":"","css":""},"3":{"id":"3","type":"text","label":"Subject","description":"","required":"1","size":"large","placeholder":"","limit_count":"1","limit_mode":"characters","default_value":"","input_mask":"","css":""},"2":{"id":"2","type":"textarea","label":"Comment or Message","description":"","required":"1","size":"medium","placeholder":"","limit_count":"1","limit_mode":"characters","default_value":"","css":""}},"id":"756","field_id":4,"settings":{"form_title":"Simple Contact Form","form_desc":"","submit_text":"Send Message","submit_text_processing":"Sending...","form_class":"","submit_class":"","ajax_submit":"1","notification_enable":"1","notifications":{"1":{"email":"{admin_email}","subject":"New Entry: Simple Contact Form","sender_name":"Pharmaceutical Company","sender_address":"{admin_email}","replyto":"{field_id=\"1\"}","message":"{all_fields}"}},"confirmations":{"1":{"type":"message","message":"\u003Cp\u003EThanks for contacting us! We will be in touch with you shortly.\u003C\/p\u003E","message_scroll":"1","page":"22","redirect":""}},"antispam":"1","form_tags":[]},"meta":{"template":"simple-contact-form-template"}}]