[{"id":3465,"name":"Echelon","data":{"name":"Echelon - Corporate Business","pro":"0","slug":"echelon-fse","version":"1.0.0","cover":["https:\/\/gutenverse.com\/wp-content\/uploads\/2022\/11\/ss-echelon-cover-home-1.webp",1440,1944,false],"pages":[{"index":0,"title":"Home","coverImage":["https:\/\/gutenverse.com\/wp-content\/uploads\/2022\/11\/ss-echelon-cover-home-1.webp",1440,1944,false],"fullImage":["https:\/\/gutenverse.com\/wp-content\/uploads\/2022\/11\/ss-echelon-home-scaled.webp",609,2560,false]},{"index":1,"title":"About","coverImage":["https:\/\/gutenverse.com\/wp-content\/uploads\/2022\/11\/ss-echelon-cover-about-1.webp",1440,1944,false],"fullImage":["https:\/\/gutenverse.com\/wp-content\/uploads\/2022\/11\/ss-echelon-about-scaled.webp",945,2560,false]},{"index":2,"title":"Services","coverImage":["https:\/\/gutenverse.com\/wp-content\/uploads\/2022\/11\/ss-echelon-cover-service-1.webp",1440,1944,false],"fullImage":["https:\/\/gutenverse.com\/wp-content\/uploads\/2022\/11\/ss-echelon-service-scaled.webp",1041,2560,false]},{"index":3,"title":"FAQ","coverImage":["https:\/\/gutenverse.com\/wp-content\/uploads\/2022\/11\/ss-echelon-cover-faq-1.webp",1440,1944,false],"fullImage":["https:\/\/gutenverse.com\/wp-content\/uploads\/2022\/11\/ss-echelon-faq-scaled.webp",1204,2560,false]},{"index":4,"title":"Blog","coverImage":["https:\/\/gutenverse.com\/wp-content\/uploads\/2022\/11\/ss-echelon-cover-blog-1.webp",1440,1944,false],"fullImage":["https:\/\/gutenverse.com\/wp-content\/uploads\/2022\/11\/ss-echelon-blog.webp",1440,2208,false]},{"index":5,"title":"Single Post","coverImage":["https:\/\/gutenverse.com\/wp-content\/uploads\/2022\/11\/ss-echelon-cover-single_post-1.webp",1440,1944,false],"fullImage":["https:\/\/gutenverse.com\/wp-content\/uploads\/2022\/11\/ss-echelon-single_post-scaled.webp",1083,2560,false]},{"index":6,"title":"Contact","coverImage":["https:\/\/gutenverse.com\/wp-content\/uploads\/2022\/11\/ss-echelon-cover-contact-1.webp",1440,1944,false],"fullImage":["https:\/\/gutenverse.com\/wp-content\/uploads\/2022\/11\/ss-echelon-contact.webp",1440,2238,false]}],"demo":"https:\/\/gutenverse.com\/demo?name=echelon-fse","compatible_version":"","requirements":[]},"categories":[{"id":32,"name":"Business Services","slug":"business-services"}],"author":{"name":"Gutenverse","url":"http:\/\/gutenverse.com"}},{"id":2475,"name":"Hypebiz","data":{"name":"Hypebiz - Multipurpose Business","pro":"0","slug":"hypebiz","version":"1.0.0","cover":["https:\/\/gutenverse.com\/wp-content\/uploads\/2022\/09\/ss-hypebiz-cover-home-1.webp",1440,1944,false],"pages":[{"index":0,"title":"Home","coverImage":["https:\/\/gutenverse.com\/wp-content\/uploads\/2022\/09\/ss-hypebiz-cover-home-1.webp",1440,1944,false],"fullImage":["https:\/\/gutenverse.com\/wp-content\/uploads\/2022\/09\/ss-hypebiz-home-scaled.webp",580,2560,false]},{"index":1,"title":"About Us","coverImage":["https:\/\/gutenverse.com\/wp-content\/uploads\/2022\/09\/ss-hypebiz-cover-about.webp",1440,1944,false],"fullImage":["https:\/\/gutenverse.com\/wp-content\/uploads\/2022\/09\/ss-hypebiz-about-scaled.webp",625,2560,false]},{"index":2,"title":"Services","coverImage":["https:\/\/gutenverse.com\/wp-content\/uploads\/2022\/09\/ss-hypebiz-cover-services.webp",1440,1944,false],"fullImage":["https:\/\/gutenverse.com\/wp-content\/uploads\/2022\/09\/ss-hypebiz-services-scaled.webp",932,2560,false]},{"index":3,"title":"Blog","coverImage":["https:\/\/gutenverse.com\/wp-content\/uploads\/2022\/09\/ss-hypebiz-cover-blog.webp",1440,1944,false],"fullImage":["https:\/\/gutenverse.com\/wp-content\/uploads\/2022\/09\/ss-hypebiz-blog-scaled.webp",1419,2560,false]},{"index":4,"title":"Single Blog","coverImage":["https:\/\/gutenverse.com\/wp-content\/uploads\/2022\/09\/ss-hypebiz-cover-single-blog.webp",1440,1944,false],"fullImage":["https:\/\/gutenverse.com\/wp-content\/uploads\/2022\/09\/ss-hypebiz-single-blog-scaled.webp",1194,2560,false]},{"index":5,"title":"Contact","coverImage":["https:\/\/gutenverse.com\/wp-content\/uploads\/2022\/09\/ss-hypebiz-cover-contact.webp",1440,1944,false],"fullImage":["https:\/\/gutenverse.com\/wp-content\/uploads\/2022\/09\/ss-hypebiz-contact.webp",1440,2119,false]}],"demo":"https:\/\/gutenverse.com\/demo?name=hypebiz","compatible_version":null,"requirements":[]},"categories":[{"id":32,"name":"Business Services","slug":"business-services"}],"author":{"name":"Gutenverse","url":"http:\/\/gutenverse.com"}},{"id":1751,"name":"Restance","data":{"name":"Restance - Real Estate & Property","pro":"0","slug":"restance","version":"1.0.0","cover":["https:\/\/gutenverse.com\/wp-content\/uploads\/2022\/08\/ss-restance-cover-home.webp",1440,1944,false],"pages":[{"index":0,"title":"Home","coverImage":["https:\/\/gutenverse.com\/wp-content\/uploads\/2022\/08\/ss-restance-cover-home.webp",1440,1944,false],"fullImage":["https:\/\/gutenverse.com\/wp-content\/uploads\/2022\/08\/ss-restance-home-scaled.webp",468,2560,false]},{"index":1,"title":"About","coverImage":["https:\/\/gutenverse.com\/wp-content\/uploads\/2022\/08\/ss-restance-cover-about-us.webp",1440,1944,false],"fullImage":["https:\/\/gutenverse.com\/wp-content\/uploads\/2022\/08\/ss-restance-about-us-scaled.webp",843,2560,false]},{"index":2,"title":"Services","coverImage":["https:\/\/gutenverse.com\/wp-content\/uploads\/2022\/08\/ss-restance-cover-services.webp",1440,1944,false],"fullImage":["https:\/\/gutenverse.com\/wp-content\/uploads\/2022\/08\/ss-restance-services-scaled.webp",925,2560,false]},{"index":3,"title":"Properties","coverImage":["https:\/\/gutenverse.com\/wp-content\/uploads\/2022\/08\/ss-restance-cover-property-list.webp",1440,1944,false],"fullImage":["https:\/\/gutenverse.com\/wp-content\/uploads\/2022\/08\/ss-restance-property-list-scaled.webp",1143,2560,false]},{"index":4,"title":"Property Details","coverImage":["https:\/\/gutenverse.com\/wp-content\/uploads\/2022\/08\/ss-restance-cover-property-detail.webp",1440,1944,false],"fullImage":["https:\/\/gutenverse.com\/wp-content\/uploads\/2022\/08\/ss-restance-property-detail-scaled.webp",1387,2560,false]},{"index":5,"title":"FAQ","coverImage":["https:\/\/gutenverse.com\/wp-content\/uploads\/2022\/08\/ss-restance-cover-faq.webp",1440,1944,false],"fullImage":["https:\/\/gutenverse.com\/wp-content\/uploads\/2022\/08\/ss-restance-faq-scaled.webp",901,2560,false]},{"index":6,"title":"News","coverImage":["https:\/\/gutenverse.com\/wp-content\/uploads\/2022\/08\/ss-restance-cover-news.webp",1440,1944,false],"fullImage":["https:\/\/gutenverse.com\/wp-content\/uploads\/2022\/08\/ss-restance-news-scaled.webp",1017,2560,false]},{"index":7,"title":"Single News","coverImage":["https:\/\/gutenverse.com\/wp-content\/uploads\/2022\/08\/ss-restance-cover-single-post.webp",1440,1944,false],"fullImage":["https:\/\/gutenverse.com\/wp-content\/uploads\/2022\/08\/ss-restance-single-post-scaled.webp",1316,2560,false]},{"index":8,"title":"Contact","coverImage":["https:\/\/gutenverse.com\/wp-content\/uploads\/2022\/08\/ss-restance-cover-contact-us.webp",1440,1944,false],"fullImage":["https:\/\/gutenverse.com\/wp-content\/uploads\/2022\/08\/ss-restance-contact-us.webp",1440,1976,false]}],"demo":"https:\/\/gutenverse.com\/demo?name=restance","compatible_version":null,"requirements":[]},"categories":[{"id":32,"name":"Business Services","slug":"business-services"},{"id":35,"name":"Real Estate Construction","slug":"real-estate-construction"}],"author":{"name":"Gutenverse","url":"http:\/\/gutenverse.com"}},{"id":1637,"name":"Travey","data":{"name":"Travey \u2013 Travel & Tour Agency","pro":"0","slug":"travey","version":"1.0.1","cover":["https:\/\/gutenverse.com\/wp-content\/uploads\/2022\/08\/ss-travey-cover-home.webp",1440,1944,false],"pages":[{"index":0,"title":"Home","coverImage":["https:\/\/gutenverse.com\/wp-content\/uploads\/2022\/08\/ss-travey-cover-home.webp",1440,1944,false],"fullImage":["https:\/\/gutenverse.com\/wp-content\/uploads\/2022\/08\/ss-travey-home-scaled.webp",578,2560,false]},{"index":1,"title":"About","coverImage":["https:\/\/gutenverse.com\/wp-content\/uploads\/2022\/08\/ss-travey-cover-about.webp",1440,1944,false],"fullImage":["https:\/\/gutenverse.com\/wp-content\/uploads\/2022\/08\/ss-travey-about-scaled.webp",1145,2560,false]},{"index":2,"title":"Packages","coverImage":["https:\/\/gutenverse.com\/wp-content\/uploads\/2022\/08\/ss-travey-cover-packages.webp",1440,1944,false],"fullImage":["https:\/\/gutenverse.com\/wp-content\/uploads\/2022\/08\/ss-travey-packages-scaled.webp",875,2560,false]},{"index":3,"title":"Package Details","coverImage":["https:\/\/gutenverse.com\/wp-content\/uploads\/2022\/08\/ss-travey-cover-packages-detail.webp",1440,1944,false],"fullImage":["https:\/\/gutenverse.com\/wp-content\/uploads\/2022\/08\/ss-travey-packages-detail-scaled.webp",1092,2560,false]},{"index":4,"title":"Destination","coverImage":["https:\/\/gutenverse.com\/wp-content\/uploads\/2022\/08\/ss-travey-cover-destination.webp",1440,1944,false],"fullImage":["https:\/\/gutenverse.com\/wp-content\/uploads\/2022\/08\/ss-travey-destination-scaled.webp",940,2560,false]},{"index":5,"title":"FAQ","coverImage":["https:\/\/gutenverse.com\/wp-content\/uploads\/2022\/08\/ss-travey-cover-faq.webp",1440,1944,false],"fullImage":["https:\/\/gutenverse.com\/wp-content\/uploads\/2022\/08\/ss-travey-faq.webp",1440,2477,false]},{"index":6,"title":"Blog","coverImage":["https:\/\/gutenverse.com\/wp-content\/uploads\/2022\/08\/ss-travey-cover-blog.webp",1440,1944,false],"fullImage":["https:\/\/gutenverse.com\/wp-content\/uploads\/2022\/08\/ss-travey-blog-scaled.webp",1330,2560,false]},{"index":7,"title":"Single Blog","coverImage":["https:\/\/gutenverse.com\/wp-content\/uploads\/2022\/08\/ss-travey-cover-single-post.webp",1440,1944,false],"fullImage":["https:\/\/gutenverse.com\/wp-content\/uploads\/2022\/08\/ss-travey-single-post-scaled.webp",1230,2560,false]},{"index":8,"title":"Contact","coverImage":["https:\/\/gutenverse.com\/wp-content\/uploads\/2022\/08\/ss-travey-cover-contact.webp",1440,1944,false],"fullImage":["https:\/\/gutenverse.com\/wp-content\/uploads\/2022\/08\/ss-travey-contact.webp",1440,1821,false]}],"demo":"https:\/\/gutenverse.com\/demo?name=travey","compatible_version":null,"requirements":[]},"categories":[{"id":32,"name":"Business Services","slug":"business-services"},{"id":39,"name":"Travel Accomodation","slug":"travel-accomodation"}],"author":{"name":"Gutenverse","url":"http:\/\/gutenverse.com"}},{"id":1489,"name":"Accountra","data":{"name":"Accountra - Accounting & Tax Themes","pro":"0","slug":"accountra","version":"1.0.0","cover":["https:\/\/gutenverse.com\/wp-content\/uploads\/2022\/07\/ss-accountra-cover-home.webp",1440,1944,false],"pages":[{"index":0,"title":"Home","coverImage":["https:\/\/gutenverse.com\/wp-content\/uploads\/2022\/07\/ss-accountra-cover-home-1.webp",1440,1944,false],"fullImage":["https:\/\/gutenverse.com\/wp-content\/uploads\/2022\/07\/ss-accountra-home-scaled.webp",646,2560,false]},{"index":1,"title":"About","coverImage":["https:\/\/gutenverse.com\/wp-content\/uploads\/2022\/07\/ss-accountra-cover-about.webp",1440,1944,false],"fullImage":["https:\/\/gutenverse.com\/wp-content\/uploads\/2022\/07\/ss-accountra-about-scaled.webp",893,2560,false]},{"index":2,"title":"Services","coverImage":["https:\/\/gutenverse.com\/wp-content\/uploads\/2022\/07\/ss-accountra-cover-services.webp",1440,1944,false],"fullImage":["https:\/\/gutenverse.com\/wp-content\/uploads\/2022\/07\/ss-accountra-services-scaled.webp",824,2560,false]},{"index":3,"title":"Cases","coverImage":["https:\/\/gutenverse.com\/wp-content\/uploads\/2022\/07\/ss-accountra-cover-cases.webp",1440,1944,false],"fullImage":["https:\/\/gutenverse.com\/wp-content\/uploads\/2022\/07\/ss-accountra-cases-scaled.webp",1028,2560,false]},{"index":4,"title":"Pricing","coverImage":["https:\/\/gutenverse.com\/wp-content\/uploads\/2022\/07\/ss-accountra-cover-pricing.webp",1440,1944,false],"fullImage":["https:\/\/gutenverse.com\/wp-content\/uploads\/2022\/07\/ss-accountra-pricing-scaled.webp",1088,2560,false]},{"index":5,"title":"FAQ","coverImage":["https:\/\/gutenverse.com\/wp-content\/uploads\/2022\/07\/ss-accountra-cover-faq.webp",1440,1944,false],"fullImage":["https:\/\/gutenverse.com\/wp-content\/uploads\/2022\/07\/ss-accountra-faq.webp",1440,2307,false]},{"index":6,"title":"Blog","coverImage":["https:\/\/gutenverse.com\/wp-content\/uploads\/2022\/07\/ss-accountra-cover-blog.webp",1440,1944,false],"fullImage":["https:\/\/gutenverse.com\/wp-content\/uploads\/2022\/07\/ss-accountra-blog-scaled.webp",1100,2560,false]},{"index":7,"title":"Single Blog","coverImage":["https:\/\/gutenverse.com\/wp-content\/uploads\/2022\/07\/ss-accountra-cover-single-blog.webp",1440,1944,false],"fullImage":["https:\/\/gutenverse.com\/wp-content\/uploads\/2022\/07\/ss-accountra-single-blog-scaled.webp",1112,2560,false]},{"index":8,"title":"Contact","coverImage":["https:\/\/gutenverse.com\/wp-content\/uploads\/2022\/07\/ss-accountra-cover-contact.webp",1440,1944,false],"fullImage":["https:\/\/gutenverse.com\/wp-content\/uploads\/2022\/07\/ss-accountra-contact.webp",1440,2051,false]}],"demo":"https:\/\/gutenverse.com\/demo?name=accountra","compatible_version":null,"requirements":[]},"categories":[{"id":32,"name":"Business Services","slug":"business-services"},{"id":37,"name":"Finance Law","slug":"finance-law"}],"author":{"name":"Gutenverse","url":"http:\/\/gutenverse.com"}},{"id":1283,"name":"Waterlava","data":{"name":"Waterlava - Beauty\/Spa Theme","pro":"0","slug":"waterlava","version":"1.0.0","cover":["https:\/\/gutenverse.com\/wp-content\/uploads\/2022\/07\/ss-waterlava.webp",1440,1944,false],"pages":[{"index":0,"title":"Home","coverImage":["https:\/\/gutenverse.com\/wp-content\/uploads\/2022\/07\/ss-waterlava-1.webp",1440,1944,false],"fullImage":["https:\/\/gutenverse.com\/wp-content\/uploads\/2022\/07\/ss-waterlava-home-scaled.webp",453,2560,false]},{"index":1,"title":"Our Spa","coverImage":["https:\/\/gutenverse.com\/wp-content\/uploads\/2022\/07\/ss-waterlava-cover-about.webp",1440,1944,false],"fullImage":["https:\/\/gutenverse.com\/wp-content\/uploads\/2022\/07\/ss-waterlava-ourspa-scaled.webp",653,2560,false]},{"index":2,"title":"Services","coverImage":["https:\/\/gutenverse.com\/wp-content\/uploads\/2022\/07\/ss-waterlava-cover-services.webp",1440,1944,false],"fullImage":["https:\/\/gutenverse.com\/wp-content\/uploads\/2022\/07\/ss-waterlava-services-scaled.webp",827,2560,false]},{"index":3,"title":"Pricing","coverImage":["https:\/\/gutenverse.com\/wp-content\/uploads\/2022\/07\/ss-waterlava-cover-pricing.webp",1440,1944,false],"fullImage":["https:\/\/gutenverse.com\/wp-content\/uploads\/2022\/07\/ss-waterlava-pricing-scaled.webp",1083,2560,false]},{"index":4,"title":"FAQ","coverImage":["https:\/\/gutenverse.com\/wp-content\/uploads\/2022\/07\/ss-waterlava-cover-faq.webp",1440,1944,false],"fullImage":["https:\/\/gutenverse.com\/wp-content\/uploads\/2022\/07\/ss-waterlava-faq-scaled.webp",1105,2560,false]},{"index":5,"title":"Blog","coverImage":["https:\/\/gutenverse.com\/wp-content\/uploads\/2022\/07\/ss-waterlava-cover-blog.webp",1440,1944,false],"fullImage":["https:\/\/gutenverse.com\/wp-content\/uploads\/2022\/07\/ss-waterlava-blog-scaled.webp",1084,2560,false]},{"index":6,"title":"Single Blog","coverImage":["https:\/\/gutenverse.com\/wp-content\/uploads\/2022\/07\/ss-waterlava-cover-single.webp",1440,1944,false],"fullImage":["https:\/\/gutenverse.com\/wp-content\/uploads\/2022\/07\/ss-waterlava-single-post-scaled.webp",935,2560,false]},{"index":7,"title":"Contact","coverImage":["https:\/\/gutenverse.com\/wp-content\/uploads\/2022\/07\/ss-waterlava-cover-contact.webp",1440,1944,false],"fullImage":["https:\/\/gutenverse.com\/wp-content\/uploads\/2022\/07\/ss-waterlava-contact-scaled.webp",1025,2560,false]}],"demo":"https:\/\/gutenverse.com\/demo?name=waterlava","compatible_version":null,"requirements":[]},"categories":[{"id":38,"name":"Fashion Beauty","slug":"fashion-beauty"}],"author":{"name":"Gutenverse","url":"http:\/\/gutenverse.com"}},{"id":1112,"name":"Renovater","data":{"name":"Renovater \u2013 Construction Theme","pro":"0","slug":"renovater","version":"","cover":["https:\/\/gutenverse.com\/wp-content\/uploads\/2022\/07\/ss-renovater-cover-home.webp",1440,1944,false],"pages":[{"index":0,"title":"Home","coverImage":["https:\/\/gutenverse.com\/wp-content\/uploads\/2022\/07\/ss-renovater-cover-home.webp",1440,1944,false],"fullImage":["https:\/\/gutenverse.com\/wp-content\/uploads\/2022\/07\/renovater-home-scaled.webp",545,2560,false]},{"index":1,"title":"About Us","coverImage":["https:\/\/gutenverse.com\/wp-content\/uploads\/2022\/07\/ss-renovater-cover-about.webp",1440,1944,false],"fullImage":["https:\/\/gutenverse.com\/wp-content\/uploads\/2022\/07\/renovater-about-scaled.webp",845,2560,false]},{"index":2,"title":"Services","coverImage":["https:\/\/gutenverse.com\/wp-content\/uploads\/2022\/07\/ss-renovater-cover-service.webp",1440,1944,false],"fullImage":["https:\/\/gutenverse.com\/wp-content\/uploads\/2022\/07\/renovater-service-scaled.webp",1045,2560,false]},{"index":3,"title":"Pricing","coverImage":["https:\/\/gutenverse.com\/wp-content\/uploads\/2022\/07\/ss-renovater-cover-pricing-2.webp",1440,1944,false],"fullImage":false},{"index":4,"title":"FAQ","coverImage":["https:\/\/gutenverse.com\/wp-content\/uploads\/2022\/07\/ss-renovater-cover-faq.webp",1440,1944,false],"fullImage":["https:\/\/gutenverse.com\/wp-content\/uploads\/2022\/07\/renovater-faq-scaled.webp",1007,2560,false]},{"index":5,"title":"Contact","coverImage":["https:\/\/gutenverse.com\/wp-content\/uploads\/2022\/07\/ss-renovater-cover-contact.webp",1440,1944,false],"fullImage":["https:\/\/gutenverse.com\/wp-content\/uploads\/2022\/07\/renovater-contact.webp",1440,2336,false]}],"demo":"https:\/\/gutenverse.com\/demo?name=renovater","compatible_version":null,"requirements":[]},"categories":[{"id":32,"name":"Business Services","slug":"business-services"},{"id":35,"name":"Real Estate Construction","slug":"real-estate-construction"}],"author":{"name":"Gutenverse","url":"http:\/\/gutenverse.com"}},{"id":955,"name":"Intrace","data":{"name":"Intrace - Interior & Real Estate Theme","pro":"0","slug":"intrace","version":"","cover":["https:\/\/gutenverse.com\/wp-content\/uploads\/2022\/07\/ss-intrace-cover-home.webp",1440,1944,false],"pages":[{"index":0,"title":"Home","coverImage":["https:\/\/gutenverse.com\/wp-content\/uploads\/2022\/07\/screenshot-intrace-new.webp",1440,1944,false],"fullImage":["https:\/\/gutenverse.com\/wp-content\/uploads\/2022\/07\/ss-intrace-home-scaled.webp",747,2560,false]},{"index":1,"title":"About Us","coverImage":["https:\/\/gutenverse.com\/wp-content\/uploads\/2022\/07\/ss-intrace-cover-about-us.webp",1440,1944,false],"fullImage":["https:\/\/gutenverse.com\/wp-content\/uploads\/2022\/07\/ss-intrace-about-us-scaled.webp",1057,2560,false]},{"index":2,"title":"Services","coverImage":["https:\/\/gutenverse.com\/wp-content\/uploads\/2022\/07\/ss-intrace-cover-services.webp",1440,1944,false],"fullImage":["https:\/\/gutenverse.com\/wp-content\/uploads\/2022\/07\/ss-intrace-services-scaled.webp",841,2560,false]},{"index":3,"title":"Projects","coverImage":["https:\/\/gutenverse.com\/wp-content\/uploads\/2022\/07\/ss-intrace-cover-projects.webp",1440,1944,false],"fullImage":["https:\/\/gutenverse.com\/wp-content\/uploads\/2022\/07\/ss-intrace-projects-scaled.webp",1393,2560,false]},{"index":4,"title":"Project Details","coverImage":["https:\/\/gutenverse.com\/wp-content\/uploads\/2022\/07\/ss-intrace-cover-project-detail.webp",1440,1944,false],"fullImage":["https:\/\/gutenverse.com\/wp-content\/uploads\/2022\/07\/ss-intrace-project-detail.webp",1440,2414,false]},{"index":5,"title":"Contact","coverImage":["https:\/\/gutenverse.com\/wp-content\/uploads\/2022\/07\/ss-intrace-cover-contact-us.webp",1440,1944,false],"fullImage":["https:\/\/gutenverse.com\/wp-content\/uploads\/2022\/07\/ss-intrace-contact-us.webp",1440,2062,false]}],"demo":"https:\/\/gutenverse.com\/demo?name=intrace","compatible_version":null,"requirements":[]},"categories":[{"id":34,"name":"Creative &amp; Portfolio","slug":"creative-portfolio"},{"id":35,"name":"Real Estate Construction","slug":"real-estate-construction"}],"author":{"name":"Gutenverse","url":"http:\/\/gutenverse.com"}},{"id":861,"name":"Zeever","data":{"name":"Zeever - Digital Agency Dark Theme","pro":"0","slug":"zeever","version":"","cover":["https:\/\/gutenverse.com\/wp-content\/uploads\/2022\/06\/ss-zeever.jpg",1440,1944,false],"pages":[{"index":0,"title":"Home","coverImage":["https:\/\/gutenverse.com\/wp-content\/uploads\/2022\/06\/ss-zeever.jpg",1440,1944,false],"fullImage":["https:\/\/gutenverse.com\/wp-content\/uploads\/2022\/06\/ss-zeever-home-scaled.webp",466,2560,false]},{"index":1,"title":"About Us","coverImage":["https:\/\/gutenverse.com\/wp-content\/uploads\/2022\/06\/ss-zeever-cover-about.webp",1440,1944,false],"fullImage":["https:\/\/gutenverse.com\/wp-content\/uploads\/2022\/06\/ss-zeever-about-scaled.webp",766,2560,false]},{"index":2,"title":"Services","coverImage":["https:\/\/gutenverse.com\/wp-content\/uploads\/2022\/06\/ss-zeever-cover-services.webp",1440,1944,false],"fullImage":["https:\/\/gutenverse.com\/wp-content\/uploads\/2022\/06\/ss-zeever-services-scaled.webp",822,2560,false]},{"index":3,"title":"Projects","coverImage":["https:\/\/gutenverse.com\/wp-content\/uploads\/2022\/06\/ss-zeever-cover-projects.webp",1440,1944,false],"fullImage":["https:\/\/gutenverse.com\/wp-content\/uploads\/2022\/06\/ss-zeever-projects-scaled.webp",1086,2560,false]},{"index":4,"title":"Blog","coverImage":["https:\/\/gutenverse.com\/wp-content\/uploads\/2022\/06\/ss-zeever-cover-blog.webp",1440,1944,false],"fullImage":["https:\/\/gutenverse.com\/wp-content\/uploads\/2022\/06\/ss-zeever-blog-scaled.webp",1399,2560,false]},{"index":5,"title":"Single Blog","coverImage":["https:\/\/gutenverse.com\/wp-content\/uploads\/2022\/06\/ss-zeever-cover-single-blog.webp",1440,1944,false],"fullImage":["https:\/\/gutenverse.com\/wp-content\/uploads\/2022\/06\/ss-zeever-single-blog-scaled.webp",1137,2560,false]},{"index":6,"title":"Contact","coverImage":["https:\/\/gutenverse.com\/wp-content\/uploads\/2022\/06\/ss-zeever-cover-contact.webp",1440,1944,false],"fullImage":["https:\/\/gutenverse.com\/wp-content\/uploads\/2022\/06\/ss-zeever-contact-scaled.webp",1026,2560,false]}],"demo":"https:\/\/gutenverse.com\/demo?name=zeever","compatible_version":null,"requirements":[]},"categories":[{"id":32,"name":"Business Services","slug":"business-services"},{"id":34,"name":"Creative &amp; Portfolio","slug":"creative-portfolio"},{"id":33,"name":"Technology Apps","slug":"technology-apps"}],"author":{"name":"Gutenverse","url":"http:\/\/gutenverse.com"}},{"id":574,"name":"Startupzy","data":{"name":"Startupzy - Tech Startup Theme","pro":"0","slug":"startupzy","version":"","cover":["https:\/\/gutenverse.com\/wp-content\/uploads\/2022\/05\/screenshot-startupzy.jpg",1440,1944,false],"pages":[{"index":0,"title":"Home","coverImage":["https:\/\/gutenverse.com\/wp-content\/uploads\/2022\/05\/startupzy.jpg",1440,2040,false],"fullImage":["https:\/\/gutenverse.com\/wp-content\/uploads\/2022\/05\/home-scaled.webp",554,2560,false]},{"index":1,"title":"About Us","coverImage":["https:\/\/gutenverse.com\/wp-content\/uploads\/2022\/05\/startupzy-cover-about.webp",1440,1944,false],"fullImage":["https:\/\/gutenverse.com\/wp-content\/uploads\/2022\/05\/about-scaled.webp",1066,2560,false]},{"index":2,"title":"Services","coverImage":["https:\/\/gutenverse.com\/wp-content\/uploads\/2022\/05\/startupzy-cover-services.webp",1440,1944,false],"fullImage":["https:\/\/gutenverse.com\/wp-content\/uploads\/2022\/05\/services-scaled.webp",886,2560,false]},{"index":3,"title":"Blog","coverImage":["https:\/\/gutenverse.com\/wp-content\/uploads\/2022\/05\/startupzy-cover-blog.webp",1440,1944,false],"fullImage":["https:\/\/gutenverse.com\/wp-content\/uploads\/2022\/05\/blog-scaled.webp",1355,2560,false]},{"index":4,"title":"Single Blog","coverImage":["https:\/\/gutenverse.com\/wp-content\/uploads\/2022\/05\/startupzy-cover-single-blog.webp",1440,1944,false],"fullImage":["https:\/\/gutenverse.com\/wp-content\/uploads\/2022\/05\/single-blog.webp",1440,2515,false]},{"index":5,"title":"Contact","coverImage":["https:\/\/gutenverse.com\/wp-content\/uploads\/2022\/05\/startupzy-cover-contact.webp",1440,1944,false],"fullImage":["https:\/\/gutenverse.com\/wp-content\/uploads\/2022\/05\/contact.webp",1440,2489,false]}],"demo":"https:\/\/gutenverse.com\/demo?name=startupzy","compatible_version":null,"requirements":[]},"categories":[{"id":32,"name":"Business Services","slug":"business-services"},{"id":33,"name":"Technology Apps","slug":"technology-apps"}],"author":{"name":"Gutenverse","url":"http:\/\/gutenverse.com"}},{"id":572,"name":"Photology","data":{"name":"Photology - Photography Theme","pro":"0","slug":"photology","version":"","cover":["https:\/\/gutenverse.com\/wp-content\/uploads\/2022\/05\/screenahot-photology.jpg",1440,1944,false],"pages":[{"index":0,"title":"Home","coverImage":["https:\/\/gutenverse.com\/wp-content\/uploads\/2022\/05\/screenahot-photology.jpg",1440,1944,false],"fullImage":["https:\/\/gutenverse.com\/wp-content\/uploads\/2022\/06\/photology-home-scaled.webp",619,2560,false]},{"index":1,"title":"About Us","coverImage":["https:\/\/gutenverse.com\/wp-content\/uploads\/2022\/05\/photology-cover-about.webp",1440,1944,false],"fullImage":["https:\/\/gutenverse.com\/wp-content\/uploads\/2022\/05\/new-about-scaled.webp",1087,2560,false]},{"index":2,"title":"Services","coverImage":["https:\/\/gutenverse.com\/wp-content\/uploads\/2022\/05\/photology-cover-services.webp",1440,1944,false],"fullImage":["https:\/\/gutenverse.com\/wp-content\/uploads\/2022\/06\/services-scaled.webp",1089,2560,false]},{"index":3,"title":"Portfolio Masonry","coverImage":["https:\/\/gutenverse.com\/wp-content\/uploads\/2022\/05\/photology-cover-portfolio-masonry.webp",1440,1944,false],"fullImage":["https:\/\/gutenverse.com\/wp-content\/uploads\/2022\/06\/portfolio-masonry-scaled.webp",1218,2560,false]},{"index":4,"title":"Portfolio Grid","coverImage":["https:\/\/gutenverse.com\/wp-content\/uploads\/2022\/05\/photology-cover-portfolio-grid.webp",1440,1944,false],"fullImage":["https:\/\/gutenverse.com\/wp-content\/uploads\/2022\/06\/portfolio-grid.webp",1440,2367,false]},{"index":5,"title":"Single Portfolio","coverImage":["https:\/\/gutenverse.com\/wp-content\/uploads\/2022\/05\/photology-cover-single-portfolio.webp",1440,1944,false],"fullImage":["https:\/\/gutenverse.com\/wp-content\/uploads\/2022\/06\/single-portfolio-scaled.webp",1302,2560,false]},{"index":6,"title":"Contact","coverImage":["https:\/\/gutenverse.com\/wp-content\/uploads\/2022\/05\/photology-cover-contact.webp",1440,1944,false],"fullImage":["https:\/\/gutenverse.com\/wp-content\/uploads\/2022\/06\/contact.webp",1440,2102,false]}],"demo":"https:\/\/gutenverse.com\/demo?name=photology","compatible_version":null,"requirements":[]},"categories":[{"id":34,"name":"Creative &amp; Portfolio","slug":"creative-portfolio"},{"id":40,"name":"Photography","slug":"photography"}],"author":{"name":"Gutenverse","url":"http:\/\/gutenverse.com"}},{"id":570,"name":"Financio","data":{"name":"Financio - Finance & Business Theme","pro":"0","slug":"financio","version":"","cover":["https:\/\/gutenverse.com\/wp-content\/uploads\/2022\/05\/ss-financio.webp",1440,1944,false],"pages":[{"index":0,"title":"Home","coverImage":["https:\/\/gutenverse.com\/wp-content\/uploads\/2022\/05\/ss-financio.webp",1440,1944,false],"fullImage":["https:\/\/gutenverse.com\/wp-content\/uploads\/2022\/05\/new-scaled.jpg",666,2560,false]},{"index":1,"title":"About Us","coverImage":["https:\/\/gutenverse.com\/wp-content\/uploads\/2022\/05\/financio-cover-about.webp",1440,1944,false],"fullImage":["https:\/\/gutenverse.com\/wp-content\/uploads\/2022\/05\/about-scaled.jpg",1207,2560,false]},{"index":2,"title":"Services","coverImage":["https:\/\/gutenverse.com\/wp-content\/uploads\/2022\/05\/financio-cover-services.webp",1440,1944,false],"fullImage":["https:\/\/gutenverse.com\/wp-content\/uploads\/2022\/05\/services-1-scaled.jpg",947,2560,false]},{"index":3,"title":"FAQ","coverImage":["https:\/\/gutenverse.com\/wp-content\/uploads\/2022\/05\/financio-cover-faq.webp",1440,1944,false],"fullImage":["https:\/\/gutenverse.com\/wp-content\/uploads\/2022\/05\/faq-scaled.jpg",1410,2560,false]},{"index":4,"title":"Contact","coverImage":["https:\/\/gutenverse.com\/wp-content\/uploads\/2022\/05\/financio-cover-contact.webp",1440,1944,false],"fullImage":["https:\/\/gutenverse.com\/wp-content\/uploads\/2022\/05\/contact.jpg",1440,2121,false]}],"demo":"https:\/\/gutenverse.com\/demo?name=financio","compatible_version":null,"requirements":[]},"categories":[{"id":32,"name":"Business Services","slug":"business-services"},{"id":37,"name":"Finance Law","slug":"finance-law"}],"author":{"name":"Gutenverse","url":"http:\/\/gutenverse.com"}}]