[{"id":1868,"name":"Restance Contact","data":{"pro":"0","cover":["https:\/\/gutenverse.com\/wp-content\/uploads\/2022\/08\/ss-restance-sections-contact-us.jpg",1440,976,false],"compatible_version":"","requirements":[],"slug":"restance-contact"},"categories":[{"id":24,"name":"Contact","slug":"contact"}],"author":{"name":"Gutenverse","url":"http:\/\/gutenverse.com"}},{"id":1865,"name":"Restance FAQ 2","data":{"pro":"0","cover":["https:\/\/gutenverse.com\/wp-content\/uploads\/2022\/08\/ss-restance-sections-faq-payment-question.jpg",1440,636,false],"compatible_version":null,"requirements":[],"slug":"restance-faq-2"},"categories":[{"id":21,"name":"FAQ","slug":"faq"}],"author":{"name":"Gutenverse","url":"http:\/\/gutenverse.com"}},{"id":1862,"name":"Restance FAQ","data":{"pro":"0","cover":["https:\/\/gutenverse.com\/wp-content\/uploads\/2022\/08\/ss-restance-sections-faq-popular-question.jpg",1440,703,false],"compatible_version":null,"requirements":[],"slug":"restance-faq"},"categories":[{"id":21,"name":"FAQ","slug":"faq"}],"author":{"name":"Gutenverse","url":"http:\/\/gutenverse.com"}},{"id":1859,"name":"Restance Team","data":{"pro":"0","cover":["https:\/\/gutenverse.com\/wp-content\/uploads\/2022\/08\/ss-restance-sections-about-team.jpg",1440,796,false],"compatible_version":null,"requirements":[],"slug":"restance-team"},"categories":[{"id":25,"name":"Team","slug":"team"}],"author":{"name":"Gutenverse","url":"http:\/\/gutenverse.com"}},{"id":1856,"name":"Restance CTA 2","data":{"pro":"0","cover":["https:\/\/gutenverse.com\/wp-content\/uploads\/2022\/08\/ss-restance-sections-about-cta.jpg",1440,511,false],"compatible_version":null,"requirements":[],"slug":"restance-cta-2"},"categories":[{"id":22,"name":"Call To Action","slug":"call-to-action"}],"author":{"name":"Gutenverse","url":"http:\/\/gutenverse.com"}},{"id":1853,"name":"Restance Funfact","data":{"pro":"0","cover":["https:\/\/gutenverse.com\/wp-content\/uploads\/2022\/08\/ss-restance-sections-about-funfact.jpg",1440,238,false],"compatible_version":null,"requirements":[],"slug":"restance-funfact"},"categories":[{"id":27,"name":"Funfact","slug":"funfact"}],"author":{"name":"Gutenverse","url":"http:\/\/gutenverse.com"}},{"id":1850,"name":"Restance About 2","data":{"pro":"0","cover":["https:\/\/gutenverse.com\/wp-content\/uploads\/2022\/08\/ss-restance-sections-about-featured.jpg",1440,745,false],"compatible_version":null,"requirements":[],"slug":"restance-about-2"},"categories":[{"id":23,"name":"About","slug":"about"}],"author":{"name":"Gutenverse","url":"http:\/\/gutenverse.com"}},{"id":1846,"name":"Restance Blog","data":{"pro":"0","cover":["https:\/\/gutenverse.com\/wp-content\/uploads\/2022\/08\/ss-restance-sections-home-blog.jpg",1440,992,false],"compatible_version":null,"requirements":[],"slug":"restance-blog"},"categories":[{"id":30,"name":"Blog","slug":"blog"}],"author":{"name":"Gutenverse","url":"http:\/\/gutenverse.com"}},{"id":1843,"name":"Restance Testimonials","data":{"pro":"0","cover":["https:\/\/gutenverse.com\/wp-content\/uploads\/2022\/08\/ss-restance-sections-home-testimonials.jpg",1440,728,false],"compatible_version":null,"requirements":[],"slug":"restance-testimonials"},"categories":[{"id":18,"name":"Testimonials","slug":"testimonials"}],"author":{"name":"Gutenverse","url":"http:\/\/gutenverse.com"}},{"id":1840,"name":"Restance Feature 3","data":{"pro":"0","cover":["https:\/\/gutenverse.com\/wp-content\/uploads\/2022\/08\/ss-restance-sections-feature-3.jpg",1440,596,false],"compatible_version":null,"requirements":[],"slug":"restance-feature-3"},"categories":[{"id":26,"name":"Feature","slug":"feature"}],"author":{"name":"Gutenverse","url":"http:\/\/gutenverse.com"}},{"id":1837,"name":"Restance Feature 2","data":{"pro":"0","cover":["https:\/\/gutenverse.com\/wp-content\/uploads\/2022\/08\/ss-restance-sections-home-featured-2.jpg",1440,1360,false],"compatible_version":null,"requirements":[],"slug":"restance-feature-2"},"categories":[{"id":26,"name":"Feature","slug":"feature"}],"author":{"name":"Gutenverse","url":"http:\/\/gutenverse.com"}},{"id":1834,"name":"Restance CTA","data":{"pro":"0","cover":["https:\/\/gutenverse.com\/wp-content\/uploads\/2022\/08\/ss-restance-sections-home-cta.jpg",1440,564,false],"compatible_version":null,"requirements":[],"slug":"restance-cta"},"categories":[{"id":22,"name":"Call To Action","slug":"call-to-action"}],"author":{"name":"Gutenverse","url":"http:\/\/gutenverse.com"}},{"id":1831,"name":"Restance Feature","data":{"pro":"0","cover":["https:\/\/gutenverse.com\/wp-content\/uploads\/2022\/08\/ss-restance-sections-home-featured.jpg",1440,969,false],"compatible_version":null,"requirements":[],"slug":"restance-feature"},"categories":[{"id":26,"name":"Feature","slug":"feature"}],"author":{"name":"Gutenverse","url":"http:\/\/gutenverse.com"}},{"id":1828,"name":"Restance Logo Client","data":{"pro":"0","cover":["https:\/\/gutenverse.com\/wp-content\/uploads\/2022\/08\/ss-restance-sections-home-logo-client.jpg",1440,421,false],"compatible_version":null,"requirements":[],"slug":"restance-logo-client"},"categories":[{"id":42,"name":"Client Logo","slug":"client-logo"}],"author":{"name":"Gutenverse","url":"http:\/\/gutenverse.com"}},{"id":1825,"name":"Restance About","data":{"pro":"0","cover":["https:\/\/gutenverse.com\/wp-content\/uploads\/2022\/08\/ss-restance-sections-home-about.jpg",1440,906,false],"compatible_version":null,"requirements":[],"slug":"restance-about"},"categories":[{"id":23,"name":"About","slug":"about"}],"author":{"name":"Gutenverse","url":"http:\/\/gutenverse.com"}},{"id":1822,"name":"Restance Hero","data":{"pro":"0","cover":["https:\/\/gutenverse.com\/wp-content\/uploads\/2022\/08\/ss-restance-sections-home-hero.jpg",1440,788,false],"compatible_version":null,"requirements":[],"slug":"restance-hero"},"categories":[{"id":19,"name":"Hero","slug":"hero"}],"author":{"name":"Gutenverse","url":"http:\/\/gutenverse.com"}},{"id":1819,"name":"Restance Footer","data":{"pro":"0","cover":["https:\/\/gutenverse.com\/wp-content\/uploads\/2022\/08\/ss-restance-sections-footer.jpg",1440,574,false],"compatible_version":null,"requirements":[],"slug":"restance-footer"},"categories":[{"id":17,"name":"Footer","slug":"footer"}],"author":{"name":"Gutenverse","url":"http:\/\/gutenverse.com"}},{"id":1816,"name":"Restance Header","data":{"pro":"0","cover":["https:\/\/gutenverse.com\/wp-content\/uploads\/2022\/08\/ss-restance-sections-header.jpg",1440,153,false],"compatible_version":null,"requirements":[],"slug":"restance-header"},"categories":[{"id":16,"name":"Header","slug":"header"}],"author":{"name":"Gutenverse","url":"http:\/\/gutenverse.com"}},{"id":1747,"name":"Travey Sections Contact","data":{"pro":"0","cover":["https:\/\/gutenverse.com\/wp-content\/uploads\/2022\/08\/ss-travey-section-contact.jpg",1440,778,false],"compatible_version":null,"requirements":[],"slug":"travey-sections-contact"},"categories":[{"id":24,"name":"Contact","slug":"contact"}],"author":{"name":"Gutenverse","url":"http:\/\/gutenverse.com"}},{"id":1744,"name":"Travey Sections FAQ 2","data":{"pro":"0","cover":["https:\/\/gutenverse.com\/wp-content\/uploads\/2022\/08\/ss-travey-section-faq2.jpg",1439,358,false],"compatible_version":null,"requirements":[],"slug":"travey-sections-faq-2"},"categories":[{"id":21,"name":"FAQ","slug":"faq"}],"author":{"name":"Gutenverse","url":"http:\/\/gutenverse.com"}},{"id":1741,"name":"Travey Sections FAQ","data":{"pro":"0","cover":["https:\/\/gutenverse.com\/wp-content\/uploads\/2022\/08\/ss-travey-section-faq.jpg",1439,713,false],"compatible_version":null,"requirements":[],"slug":"travey-sections-faq"},"categories":[{"id":21,"name":"FAQ","slug":"faq"}],"author":{"name":"Gutenverse","url":"http:\/\/gutenverse.com"}},{"id":1738,"name":"Travey Sections Testimonials 2","data":{"pro":"0","cover":["https:\/\/gutenverse.com\/wp-content\/uploads\/2022\/08\/ss-travey-review-2.jpg",1440,672,false],"compatible_version":null,"requirements":[],"slug":"travey-sections-testimonials-2"},"categories":[{"id":18,"name":"Testimonials","slug":"testimonials"}],"author":{"name":"Gutenverse","url":"http:\/\/gutenverse.com"}},{"id":1735,"name":"Travey Sections CTA 2","data":{"pro":"0","cover":["https:\/\/gutenverse.com\/wp-content\/uploads\/2022\/08\/ss-travey-section-provide.jpg",1440,453,false],"compatible_version":null,"requirements":[],"slug":"travey-sections-cta-2"},"categories":[{"id":22,"name":"Call To Action","slug":"call-to-action"}],"author":{"name":"Gutenverse","url":"http:\/\/gutenverse.com"}},{"id":1732,"name":"Travey Sections Gallery","data":{"pro":"0","cover":["https:\/\/gutenverse.com\/wp-content\/uploads\/2022\/08\/ss-travey-section-gallery.jpg",1440,600,false],"compatible_version":null,"requirements":[],"slug":"travey-sections-gallery"},"categories":[{"id":28,"name":"Gallery","slug":"gallery"}],"author":{"name":"Gutenverse","url":"http:\/\/gutenverse.com"}},{"id":1729,"name":"Travey Sections Client Logo","data":{"pro":"0","cover":["https:\/\/gutenverse.com\/wp-content\/uploads\/2022\/08\/ss-travey-section-logo.jpg",1440,173,false],"compatible_version":null,"requirements":[],"slug":"travey-sections-client-logo"},"categories":[{"id":42,"name":"Client Logo","slug":"client-logo"}],"author":{"name":"Gutenverse","url":"http:\/\/gutenverse.com"}},{"id":1726,"name":"Travey Sections Team","data":{"pro":"0","cover":["https:\/\/gutenverse.com\/wp-content\/uploads\/2022\/08\/ss-travey-section-guide.jpg",1440,802,false],"compatible_version":null,"requirements":[],"slug":"travey-sections-team"},"categories":[{"id":25,"name":"Team","slug":"team"}],"author":{"name":"Gutenverse","url":"http:\/\/gutenverse.com"}},{"id":1721,"name":"Travey Sections Feature 2","data":{"pro":"0","cover":["https:\/\/gutenverse.com\/wp-content\/uploads\/2022\/08\/ss-travey-section-mission.jpg",1439,356,false],"compatible_version":null,"requirements":[],"slug":"travey-sections-feature-2"},"categories":[{"id":26,"name":"Feature","slug":"feature"}],"author":{"name":"Gutenverse","url":"http:\/\/gutenverse.com"}},{"id":1716,"name":"Travey Sections About","data":{"pro":"0","cover":["https:\/\/gutenverse.com\/wp-content\/uploads\/2022\/08\/ss-travey-section-about.jpg",1440,459,false],"compatible_version":null,"requirements":[],"slug":"travey-sections-about"},"categories":[{"id":23,"name":"About","slug":"about"}],"author":{"name":"Gutenverse","url":"http:\/\/gutenverse.com"}},{"id":1713,"name":"Travey Sections Subscribe","data":{"pro":"0","cover":["https:\/\/gutenverse.com\/wp-content\/uploads\/2022\/08\/ss-travey-section-newsletter.jpg",1440,404,false],"compatible_version":null,"requirements":[],"slug":"travey-sections-subscribe"},"categories":[{"id":26,"name":"Feature","slug":"feature"}],"author":{"name":"Gutenverse","url":"http:\/\/gutenverse.com"}},{"id":1710,"name":"Travey Sections Blog","data":{"pro":"0","cover":["https:\/\/gutenverse.com\/wp-content\/uploads\/2022\/08\/ss-travey-section-blog.jpg",1440,1038,false],"compatible_version":null,"requirements":[],"slug":"travey-sections-blog"},"categories":[{"id":30,"name":"Blog","slug":"blog"}],"author":{"name":"Gutenverse","url":"http:\/\/gutenverse.com"}},{"id":1705,"name":"Travey Sections Testimonials","data":{"pro":"0","cover":["https:\/\/gutenverse.com\/wp-content\/uploads\/2022\/08\/ss-travey-section-review.jpg",1440,642,false],"compatible_version":null,"requirements":[],"slug":"travey-sections-testimonials"},"categories":[{"id":18,"name":"Testimonials","slug":"testimonials"}],"author":{"name":"Gutenverse","url":"http:\/\/gutenverse.com"}},{"id":1701,"name":"Travey Sections CTA","data":{"pro":"0","cover":["https:\/\/gutenverse.com\/wp-content\/uploads\/2022\/08\/ss-travey-section-video.jpg",1440,549,false],"compatible_version":null,"requirements":[],"slug":"travey-sections-cta"},"categories":[{"id":22,"name":"Call To Action","slug":"call-to-action"}],"author":{"name":"Gutenverse","url":"http:\/\/gutenverse.com"}},{"id":1697,"name":"Travey Sections Destination","data":{"pro":"0","cover":["https:\/\/gutenverse.com\/wp-content\/uploads\/2022\/08\/ss-travey-section-popular-destination.jpg",1440,1143,false],"compatible_version":null,"requirements":[],"slug":"travey-sections-destination"},"categories":[{"id":20,"name":"Services","slug":"services"}],"author":{"name":"Gutenverse","url":"http:\/\/gutenverse.com"}},{"id":1692,"name":"Travey Sections Feature","data":{"pro":"0","cover":["https:\/\/gutenverse.com\/wp-content\/uploads\/2022\/08\/ss-travey-section-iconbox.jpg",1440,449,false],"compatible_version":null,"requirements":[],"slug":"travey-sections-feature"},"categories":[{"id":26,"name":"Feature","slug":"feature"}],"author":{"name":"Gutenverse","url":"http:\/\/gutenverse.com"}},{"id":1689,"name":"Travey Sections Hero","data":{"pro":"0","cover":["https:\/\/gutenverse.com\/wp-content\/uploads\/2022\/08\/ss-travey-section-hero-home.jpg",1440,840,false],"compatible_version":null,"requirements":[],"slug":"travey-sections-hero"},"categories":[{"id":19,"name":"Hero","slug":"hero"}],"author":{"name":"Gutenverse","url":"http:\/\/gutenverse.com"}},{"id":1686,"name":"Travey Footer","data":{"pro":"0","cover":["https:\/\/gutenverse.com\/wp-content\/uploads\/2022\/08\/ss-travey-section-footer.jpg",1440,404,false],"compatible_version":null,"requirements":[],"slug":"travey-footer"},"categories":[{"id":17,"name":"Footer","slug":"footer"}],"author":{"name":"Gutenverse","url":"http:\/\/gutenverse.com"}},{"id":1682,"name":"Travey Header","data":{"pro":"0","cover":["https:\/\/gutenverse.com\/wp-content\/uploads\/2022\/08\/ss-travey-section-header.jpg",1440,159,false],"compatible_version":null,"requirements":[],"slug":"travey-header"},"categories":[{"id":16,"name":"Header","slug":"header"}],"author":{"name":"Gutenverse","url":"http:\/\/gutenverse.com"}},{"id":1564,"name":"Accountra Sections FAQ 2","data":{"pro":"0","cover":["https:\/\/gutenverse.com\/wp-content\/uploads\/2022\/07\/ss-accountra-sections-faq-2.jpg",1440,899,false],"compatible_version":null,"requirements":[],"slug":"accountra-sections-faq-2"},"categories":[{"id":21,"name":"FAQ","slug":"faq"}],"author":{"name":"Gutenverse","url":"http:\/\/gutenverse.com"}},{"id":1561,"name":"Accountra Sections Pricing","data":{"pro":"0","cover":["https:\/\/gutenverse.com\/wp-content\/uploads\/2022\/07\/ss-accountra-sections-pricing-plans.jpg",1440,1009,false],"compatible_version":null,"requirements":[],"slug":"accountra-sections-pricing"},"categories":[{"id":29,"name":"Pricing","slug":"pricing"}],"author":{"name":"Gutenverse","url":"http:\/\/gutenverse.com"}},{"id":1558,"name":"Accountra Sections Cases 2","data":{"pro":"0","cover":["https:\/\/gutenverse.com\/wp-content\/uploads\/2022\/07\/ss-accountra-sections-cases-studies.jpg",1440,1252,false],"compatible_version":null,"requirements":[],"slug":"accountra-sections-cases-2"},"categories":[{"id":31,"name":"Projects","slug":"projects"}],"author":{"name":"Gutenverse","url":"http:\/\/gutenverse.com"}},{"id":1555,"name":"Accountra Sections FAQ","data":{"pro":"0","cover":["https:\/\/gutenverse.com\/wp-content\/uploads\/2022\/07\/ss-accountra-sections-faq.jpg",1440,806,false],"compatible_version":null,"requirements":[],"slug":"accountra-sections-faq"},"categories":[{"id":21,"name":"FAQ","slug":"faq"}],"author":{"name":"Gutenverse","url":"http:\/\/gutenverse.com"}},{"id":1552,"name":"Accountra Sections Testimonials 2","data":{"pro":"0","cover":["https:\/\/gutenverse.com\/wp-content\/uploads\/2022\/07\/ss-accountra-sections-clients-feedback-2.jpg",1440,696,false],"compatible_version":null,"requirements":[],"slug":"accountra-sections-testimonials-2"},"categories":[{"id":18,"name":"Testimonials","slug":"testimonials"}],"author":{"name":"Gutenverse","url":"http:\/\/gutenverse.com"}},{"id":1549,"name":"Accountra Sections Team","data":{"pro":"0","cover":["https:\/\/gutenverse.com\/wp-content\/uploads\/2022\/07\/ss-accountra-sections-team.jpg",1440,916,false],"compatible_version":null,"requirements":[],"slug":"accountra-sections-team"},"categories":[{"id":25,"name":"Team","slug":"team"}],"author":{"name":"Gutenverse","url":"http:\/\/gutenverse.com"}},{"id":1546,"name":"Accountra Sections Feature","data":{"pro":"0","cover":["https:\/\/gutenverse.com\/wp-content\/uploads\/2022\/07\/ss-accountra-sections-feature.jpg",1440,879,false],"compatible_version":null,"requirements":[],"slug":"accountra-sections-feature"},"categories":[{"id":26,"name":"Feature","slug":"feature"}],"author":{"name":"Gutenverse","url":"http:\/\/gutenverse.com"}},{"id":1543,"name":"Accountra Sections CTA","data":{"pro":"0","cover":["https:\/\/gutenverse.com\/wp-content\/uploads\/2022\/07\/ss-accountra-sections-cta.webp",1440,440,false],"compatible_version":null,"requirements":[],"slug":"accountra-sections-cta"},"categories":[{"id":22,"name":"Call To Action","slug":"call-to-action"}],"author":{"name":"Gutenverse","url":"http:\/\/gutenverse.com"}},{"id":1540,"name":"Accountra Sections Testimonials","data":{"pro":"0","cover":["https:\/\/gutenverse.com\/wp-content\/uploads\/2022\/07\/ss-accountra-sections-clients-feedback.jpg",1440,453,false],"compatible_version":null,"requirements":[],"slug":"accountra-sections-testimonials"},"categories":[{"id":18,"name":"Testimonials","slug":"testimonials"}],"author":{"name":"Gutenverse","url":"http:\/\/gutenverse.com"}},{"id":1537,"name":"Accountra Sections Cases","data":{"pro":"0","cover":["https:\/\/gutenverse.com\/wp-content\/uploads\/2022\/07\/ss-accountra-sections-cases.jpg",1440,897,false],"compatible_version":null,"requirements":[],"slug":"accountra-sections-cases"},"categories":[{"id":31,"name":"Projects","slug":"projects"}],"author":{"name":"Gutenverse","url":"http:\/\/gutenverse.com"}},{"id":1534,"name":"Accountra Sections Services","data":{"pro":"0","cover":["https:\/\/gutenverse.com\/wp-content\/uploads\/2022\/07\/ss-accountra-sections-services.jpg",1440,770,false],"compatible_version":null,"requirements":[],"slug":"accountra-sections-services"},"categories":[{"id":20,"name":"Services","slug":"services"}],"author":{"name":"Gutenverse","url":"http:\/\/gutenverse.com"}},{"id":1531,"name":"Accountra Sections Funfact","data":{"pro":"0","cover":["https:\/\/gutenverse.com\/wp-content\/uploads\/2022\/07\/ss-accountra-sections-fun-fact.jpg",1440,339,false],"compatible_version":null,"requirements":[],"slug":"accountra-sections-funfact"},"categories":[{"id":27,"name":"Funfact","slug":"funfact"}],"author":{"name":"Gutenverse","url":"http:\/\/gutenverse.com"}},{"id":1528,"name":"Accoountra Sections","data":{"pro":"0","cover":["https:\/\/gutenverse.com\/wp-content\/uploads\/2022\/07\/ss-accountra-sections-about.jpg",1440,682,false],"compatible_version":null,"requirements":[],"slug":"accoountra-sections"},"categories":[{"id":23,"name":"About","slug":"about"}],"author":{"name":"Gutenverse","url":"http:\/\/gutenverse.com"}},{"id":1525,"name":"Accoountra Sections Hero","data":{"pro":"0","cover":["https:\/\/gutenverse.com\/wp-content\/uploads\/2022\/07\/ss-accountra-sections-hero.jpg",1440,937,false],"compatible_version":null,"requirements":[],"slug":"accoountra-sections-hero"},"categories":[{"id":19,"name":"Hero","slug":"hero"}],"author":{"name":"Gutenverse","url":"http:\/\/gutenverse.com"}},{"id":1522,"name":"Accountra Footer","data":{"pro":"0","cover":["https:\/\/gutenverse.com\/wp-content\/uploads\/2022\/07\/ss-accountra-sections-footer.jpg",1440,467,false],"compatible_version":null,"requirements":[],"slug":"accountra-footer"},"categories":[{"id":17,"name":"Footer","slug":"footer"}],"author":{"name":"Gutenverse","url":"http:\/\/gutenverse.com"}},{"id":1519,"name":"Accountra Header","data":{"pro":"0","cover":["https:\/\/gutenverse.com\/wp-content\/uploads\/2022\/07\/ss-accountra-header.jpg",1440,184,false],"compatible_version":null,"requirements":[],"slug":"accountra-header"},"categories":[{"id":16,"name":"Header","slug":"header"}],"author":{"name":"Gutenverse","url":"http:\/\/gutenverse.com"}},{"id":1472,"name":"Waterlava Section Contact 2","data":{"pro":"0","cover":["https:\/\/gutenverse.com\/wp-content\/uploads\/2022\/07\/ss-waterlava-section-form-question.jpg",1440,770,false],"compatible_version":null,"requirements":[],"slug":"waterlava-section-contact-2-2"},"categories":[{"id":24,"name":"Contact","slug":"contact"}],"author":{"name":"Gutenverse","url":"http:\/\/gutenverse.com"}},{"id":1469,"name":"Waterlava Section CTA","data":{"pro":"0","cover":["https:\/\/gutenverse.com\/wp-content\/uploads\/2022\/07\/ss-waterlava-section-interest.jpg",1440,421,false],"compatible_version":null,"requirements":[],"slug":"waterlava-section-cta"},"categories":[{"id":22,"name":"Call To Action","slug":"call-to-action"}],"author":{"name":"Gutenverse","url":"http:\/\/gutenverse.com"}},{"id":1466,"name":"Waterlava Section Contact 2","data":{"pro":"0","cover":["https:\/\/gutenverse.com\/wp-content\/uploads\/2022\/07\/ss-waterlava-section-spa-branch.jpg",1440,645,false],"compatible_version":null,"requirements":[],"slug":"waterlava-section-contact-2"},"categories":[{"id":23,"name":"About","slug":"about"}],"author":{"name":"Gutenverse","url":"http:\/\/gutenverse.com"}},{"id":1463,"name":"Waterlava Section Contact","data":{"pro":"0","cover":["https:\/\/gutenverse.com\/wp-content\/uploads\/2022\/07\/ss-waterlava-section-licenses-question.jpg",1440,754,false],"compatible_version":null,"requirements":[],"slug":"waterlava-section-contact"},"categories":[{"id":24,"name":"Contact","slug":"contact"}],"author":{"name":"Gutenverse","url":"http:\/\/gutenverse.com"}},{"id":1460,"name":"Waterlava Section FAQ 2","data":{"pro":"0","cover":["https:\/\/gutenverse.com\/wp-content\/uploads\/2022\/07\/ss-waterlava-section-question.jpg",1440,787,false],"compatible_version":null,"requirements":[],"slug":"waterlava-section-faq-2"},"categories":[{"id":21,"name":"FAQ","slug":"faq"}],"author":{"name":"Gutenverse","url":"http:\/\/gutenverse.com"}},{"id":1457,"name":"Waterlava Section Pricing 4","data":{"pro":"0","cover":["https:\/\/gutenverse.com\/wp-content\/uploads\/2022\/07\/ss-waterlava-section-special-promotion.jpg",1440,960,false],"compatible_version":null,"requirements":[],"slug":"waterlava-section-pricing-4"},"categories":[{"id":29,"name":"Pricing","slug":"pricing"}],"author":{"name":"Gutenverse","url":"http:\/\/gutenverse.com"}},{"id":1454,"name":"Waterlava Section 3","data":{"pro":"0","cover":["https:\/\/gutenverse.com\/wp-content\/uploads\/2022\/07\/ss-waterlava-section-detail-treatment.jpg",1440,1424,false],"compatible_version":null,"requirements":[],"slug":"waterlava-section-3"},"categories":[{"id":20,"name":"Services","slug":"services"}],"author":{"name":"Gutenverse","url":"http:\/\/gutenverse.com"}},{"id":1451,"name":"Waterlava Section FAQ","data":{"pro":"0","cover":["https:\/\/gutenverse.com\/wp-content\/uploads\/2022\/07\/ss-waterlava-section-inquiries.jpg",1440,544,false],"compatible_version":null,"requirements":[],"slug":"waterlava-section-faq"},"categories":[{"id":21,"name":"FAQ","slug":"faq"}],"author":{"name":"Gutenverse","url":"http:\/\/gutenverse.com"}},{"id":1448,"name":"Waterlava Section Contact Appointment","data":{"pro":"0","cover":["https:\/\/gutenverse.com\/wp-content\/uploads\/2022\/07\/ss-waterlava-section-Appointment.jpg",1440,868,false],"compatible_version":null,"requirements":[],"slug":"waterlava-section-feature-4"},"categories":[{"id":48,"name":"Appointment","slug":"appointment"}],"author":{"name":"Gutenverse","url":"http:\/\/gutenverse.com"}},{"id":1445,"name":"Waterlava Section Team","data":{"pro":"0","cover":["https:\/\/gutenverse.com\/wp-content\/uploads\/2022\/07\/ss-waterlava-section-team.jpg",1440,775,false],"compatible_version":null,"requirements":[],"slug":"waterlava-section-team"},"categories":[{"id":25,"name":"Team","slug":"team"}],"author":{"name":"Gutenverse","url":"http:\/\/gutenverse.com"}},{"id":1442,"name":"Waterlava Section Feature 3","data":{"pro":"0","cover":["https:\/\/gutenverse.com\/wp-content\/uploads\/2022\/07\/ss-waterlava-section-product.jpg",1440,934,false],"compatible_version":null,"requirements":[],"slug":"waterlava-section-feature-3"},"categories":[{"id":26,"name":"Feature","slug":"feature"}],"author":{"name":"Gutenverse","url":"http:\/\/gutenverse.com"}},{"id":1439,"name":"Waterlava Section Funfact","data":{"pro":"0","cover":["https:\/\/gutenverse.com\/wp-content\/uploads\/2022\/07\/ss-waterlava-section-funfact.jpg",1440,433,false],"compatible_version":null,"requirements":[],"slug":"waterlava-section-funfact"},"categories":[{"id":27,"name":"Funfact","slug":"funfact"}],"author":{"name":"Gutenverse","url":"http:\/\/gutenverse.com"}},{"id":1436,"name":"Waterlava Section About","data":{"pro":"0","cover":["https:\/\/gutenverse.com\/wp-content\/uploads\/2022\/07\/ss-waterlava-section-owner.jpg",1440,694,false],"compatible_version":null,"requirements":[],"slug":"waterlava-section-about"},"categories":[{"id":23,"name":"About","slug":"about"}],"author":{"name":"Gutenverse","url":"http:\/\/gutenverse.com"}},{"id":1431,"name":"Waterlava Section Pricing 3","data":{"pro":"0","cover":["https:\/\/gutenverse.com\/wp-content\/uploads\/2022\/07\/ss-waterlava-section-promotion.jpg",1440,759,false],"compatible_version":null,"requirements":[],"slug":"waterlava-section-priing-3"},"categories":[{"id":29,"name":"Pricing","slug":"pricing"}],"author":{"name":"Gutenverse","url":"http:\/\/gutenverse.com"}},{"id":1428,"name":"Waterlava Section Testimonials","data":{"pro":"0","cover":["https:\/\/gutenverse.com\/wp-content\/uploads\/2022\/07\/ss-waterlava-section-testimonial.jpg",1440,720,false],"compatible_version":null,"requirements":[],"slug":"waterlava-section-testimonials"},"categories":[{"id":18,"name":"Testimonials","slug":"testimonials"}],"author":{"name":"Gutenverse","url":"http:\/\/gutenverse.com"}},{"id":1425,"name":"Waterlava Section Pricing 2","data":{"pro":"0","cover":["https:\/\/gutenverse.com\/wp-content\/uploads\/2022\/07\/ss-waterlava-section-price-2.jpg",1440,468,false],"compatible_version":null,"requirements":[],"slug":"waterlava-section-pricing-2"},"categories":[{"id":29,"name":"Pricing","slug":"pricing"}],"author":{"name":"Gutenverse","url":"http:\/\/gutenverse.com"}},{"id":1422,"name":"Waterlava Section Pricing","data":{"pro":"0","cover":["https:\/\/gutenverse.com\/wp-content\/uploads\/2022\/07\/ss-waterlava-section-price.jpg",1439,813,false],"compatible_version":null,"requirements":[],"slug":"waterlava-section-pricing"},"categories":[{"id":29,"name":"Pricing","slug":"pricing"}],"author":{"name":"Gutenverse","url":"http:\/\/gutenverse.com"}},{"id":1419,"name":"Waterlava Section Services 2","data":{"pro":"0","cover":["https:\/\/gutenverse.com\/wp-content\/uploads\/2022\/07\/ss-waterlava-section-treatment-description.jpg",1440,1020,false],"compatible_version":null,"requirements":[],"slug":"waterlava-section-services-2"},"categories":[{"id":20,"name":"Services","slug":"services"}],"author":{"name":"Gutenverse","url":"http:\/\/gutenverse.com"}},{"id":1416,"name":"Waterlava Section Services","data":{"pro":"0","cover":["https:\/\/gutenverse.com\/wp-content\/uploads\/2022\/07\/ss-waterlava-section-services.jpg",1400,548,false],"compatible_version":null,"requirements":[],"slug":"waterlava-section-services"},"categories":[{"id":20,"name":"Services","slug":"services"}],"author":{"name":"Gutenverse","url":"http:\/\/gutenverse.com"}},{"id":1413,"name":"Waterlava Section Feature 2","data":{"pro":"0","cover":["https:\/\/gutenverse.com\/wp-content\/uploads\/2022\/07\/ss-waterlava-section-treatment.jpg",1440,548,false],"compatible_version":null,"requirements":[],"slug":"waterlava-section-feature-2"},"categories":[{"id":26,"name":"Feature","slug":"feature"}],"author":{"name":"Gutenverse","url":"http:\/\/gutenverse.com"}},{"id":1410,"name":"Waterlava Section Feature","data":{"pro":"0","cover":["https:\/\/gutenverse.com\/wp-content\/uploads\/2022\/07\/ss-waterlava-section-signature.jpg",1440,704,false],"compatible_version":null,"requirements":[],"slug":"waterlava-section-feature"},"categories":[{"id":26,"name":"Feature","slug":"feature"}],"author":{"name":"Gutenverse","url":"http:\/\/gutenverse.com"}},{"id":1407,"name":"Waterlava Section Hero","data":{"pro":"0","cover":["https:\/\/gutenverse.com\/wp-content\/uploads\/2022\/07\/ss-waterlava-section-hero-cover.jpg",1440,722,false],"compatible_version":null,"requirements":[],"slug":"waterlava-section-hero"},"categories":[{"id":19,"name":"Hero","slug":"hero"}],"author":{"name":"Gutenverse","url":"http:\/\/gutenverse.com"}},{"id":1399,"name":"Waterlava Footer","data":{"pro":"0","cover":["https:\/\/gutenverse.com\/wp-content\/uploads\/2022\/07\/ss-waterlava-footer.jpg",1440,825,false],"compatible_version":null,"requirements":[],"slug":"waterlava-footer"},"categories":[{"id":17,"name":"Footer","slug":"footer"}],"author":{"name":"Gutenverse","url":"http:\/\/gutenverse.com"}},{"id":1385,"name":"Waterlava Header","data":{"pro":"0","cover":["https:\/\/gutenverse.com\/wp-content\/uploads\/2022\/07\/header.png",2879,268,false],"compatible_version":null,"requirements":[],"slug":"waterlava-header"},"categories":[{"id":16,"name":"Header","slug":"header"}],"author":{"name":"Gutenverse","url":"http:\/\/gutenverse.com"}},{"id":1308,"name":"Renovater Sections Contact","data":{"pro":"0","cover":["https:\/\/gutenverse.com\/wp-content\/uploads\/2022\/07\/ss-renovater-sections-contact.jpg",1440,1222,false],"compatible_version":null,"requirements":[],"slug":"renovater-sections-contact"},"categories":[{"id":24,"name":"Contact","slug":"contact"}],"author":{"name":"Gutenverse","url":"http:\/\/gutenverse.com"}},{"id":1301,"name":"Renovater Sections Testimonials 2","data":{"pro":"0","cover":["https:\/\/gutenverse.com\/wp-content\/uploads\/2022\/07\/ss-renovater-sections-testimonials-2.jpg",1440,795,false],"compatible_version":null,"requirements":[],"slug":"renovater-sections-testimonials-2"},"categories":[{"id":18,"name":"Testimonials","slug":"testimonials"}],"author":{"name":"Gutenverse","url":"http:\/\/gutenverse.com"}},{"id":1297,"name":"Renovater Sections Pricing","data":{"pro":"0","cover":["https:\/\/gutenverse.com\/wp-content\/uploads\/2022\/07\/ss-renovater-sections-pricing.jpg",1440,1257,false],"compatible_version":null,"requirements":[],"slug":"renovater-sections-pricing"},"categories":[{"id":29,"name":"Pricing","slug":"pricing"}],"author":{"name":"Gutenverse","url":"http:\/\/gutenverse.com"}},{"id":1293,"name":"Renovater Sections Feature 2","data":{"pro":"0","cover":["https:\/\/gutenverse.com\/wp-content\/uploads\/2022\/07\/ss-renovater-sections-work-process.jpg",1440,731,false],"compatible_version":null,"requirements":[],"slug":"renovater-sections-feature-2"},"categories":[{"id":26,"name":"Feature","slug":"feature"}],"author":{"name":"Gutenverse","url":"http:\/\/gutenverse.com"}},{"id":1290,"name":"Renovater Sections Funfact 3","data":{"pro":"0","cover":["https:\/\/gutenverse.com\/wp-content\/uploads\/2022\/07\/ss-renovater-sections-fun-fact-2.jpg",1440,581,false],"compatible_version":null,"requirements":[],"slug":"renovater-sections-funfact-3"},"categories":[{"id":27,"name":"Funfact","slug":"funfact"}],"author":{"name":"Gutenverse","url":"http:\/\/gutenverse.com"}},{"id":1287,"name":"Renovater Sections Funfact 2","data":{"pro":"0","cover":["https:\/\/gutenverse.com\/wp-content\/uploads\/2022\/07\/ss-renovater-sections-fun-fact-3.jpg",1440,347,false],"compatible_version":null,"requirements":[],"slug":"renovater-sections-funfact-2"},"categories":[{"id":27,"name":"Funfact","slug":"funfact"}],"author":{"name":"Gutenverse","url":"http:\/\/gutenverse.com"}},{"id":1284,"name":"Renovater Sections Services 2","data":{"pro":"0","cover":["https:\/\/gutenverse.com\/wp-content\/uploads\/2022\/07\/ss-renovater-sections-our-services.jpg",1440,941,false],"compatible_version":null,"requirements":[],"slug":"renovater-sections-services-2"},"categories":[{"id":20,"name":"Services","slug":"services"}],"author":{"name":"Gutenverse","url":"http:\/\/gutenverse.com"}},{"id":1279,"name":"Renovater Sections Team","data":{"pro":"0","cover":["https:\/\/gutenverse.com\/wp-content\/uploads\/2022\/07\/ss-renovater-sections-team.jpg",1440,995,false],"compatible_version":null,"requirements":[],"slug":"renovater-sections-team"},"categories":[{"id":25,"name":"Team","slug":"team"}],"author":{"name":"Gutenverse","url":"http:\/\/gutenverse.com"}},{"id":1276,"name":"Renovater Sections Feature","data":{"pro":"0","cover":["https:\/\/gutenverse.com\/wp-content\/uploads\/2022\/07\/ss-renovater-sections-feature.jpg",1440,694,false],"compatible_version":null,"requirements":[],"slug":"renovater-sections-feature"},"categories":[{"id":26,"name":"Feature","slug":"feature"}],"author":{"name":"Gutenverse","url":"http:\/\/gutenverse.com"}},{"id":1273,"name":"Renovater Sections Client Logo","data":{"pro":"0","cover":["https:\/\/gutenverse.com\/wp-content\/uploads\/2022\/07\/ss-renovater-sections-clients-logo.jpg",1440,128,false],"compatible_version":null,"requirements":[],"slug":"renovater-sections-client-logo"},"categories":[{"id":42,"name":"Client Logo","slug":"client-logo"}],"author":{"name":"Gutenverse","url":"http:\/\/gutenverse.com"}},{"id":1270,"name":"Renovater Sections FAQ","data":{"pro":"0","cover":["https:\/\/gutenverse.com\/wp-content\/uploads\/2022\/07\/ss-renovater-sections-faq.jpg",1440,860,false],"compatible_version":null,"requirements":[],"slug":"renovater-sections-faq"},"categories":[{"id":21,"name":"FAQ","slug":"faq"}],"author":{"name":"Gutenverse","url":"http:\/\/gutenverse.com"}},{"id":1267,"name":"Renovater Sections Testimonials","data":{"pro":"0","cover":["https:\/\/gutenverse.com\/wp-content\/uploads\/2022\/07\/ss-renovater-sections-testimonials.jpg",1440,816,false],"compatible_version":null,"requirements":[],"slug":"renovater-sections-testimonials"},"categories":[{"id":18,"name":"Testimonials","slug":"testimonials"}],"author":{"name":"Gutenverse","url":"http:\/\/gutenverse.com"}},{"id":1264,"name":"Renovater Sections Projects","data":{"pro":"0","cover":["https:\/\/gutenverse.com\/wp-content\/uploads\/2022\/07\/ss-renovater-sections-featured-work.jpg",1440,989,false],"compatible_version":null,"requirements":[],"slug":"renovater-sections-projects"},"categories":[{"id":31,"name":"Projects","slug":"projects"}],"author":{"name":"Gutenverse","url":"http:\/\/gutenverse.com"}},{"id":1258,"name":"Renovater Sections Services","data":{"pro":"0","cover":["https:\/\/gutenverse.com\/wp-content\/uploads\/2022\/07\/ss-renovater-sections-service.jpg",1440,691,false],"compatible_version":null,"requirements":[],"slug":"renovater-sections-services"},"categories":[{"id":20,"name":"Services","slug":"services"}],"author":{"name":"Gutenverse","url":"http:\/\/gutenverse.com"}},{"id":1255,"name":"Renovater Sections Funfact","data":{"pro":"0","cover":["https:\/\/gutenverse.com\/wp-content\/uploads\/2022\/07\/ss-renovater-sections-fun-fact.jpg",1440,556,false],"compatible_version":null,"requirements":[],"slug":"renovater-sections-funfact"},"categories":[{"id":27,"name":"Funfact","slug":"funfact"}],"author":{"name":"Gutenverse","url":"http:\/\/gutenverse.com"}},{"id":1252,"name":"Renovater Sections About","data":{"pro":"0","cover":["https:\/\/gutenverse.com\/wp-content\/uploads\/2022\/07\/ss-renovater-sections-about.jpg",1440,774,false],"compatible_version":null,"requirements":[],"slug":"renovater-sections-about"},"categories":[{"id":23,"name":"About","slug":"about"}],"author":{"name":"Gutenverse","url":"http:\/\/gutenverse.com"}},{"id":1249,"name":"Renovater Sections Hero","data":{"pro":"0","cover":["https:\/\/gutenverse.com\/wp-content\/uploads\/2022\/07\/ss-renovater-sections-hero.jpg",1440,693,false],"compatible_version":null,"requirements":[],"slug":"renovater-sections-hero"},"categories":[{"id":19,"name":"Hero","slug":"hero"}],"author":{"name":"Gutenverse","url":"http:\/\/gutenverse.com"}},{"id":1246,"name":"Renovater Footer","data":{"pro":"0","cover":["https:\/\/gutenverse.com\/wp-content\/uploads\/2022\/07\/ss-renovater-sections-footer.jpg",1440,585,false],"compatible_version":null,"requirements":[],"slug":"renovater-footer"},"categories":[{"id":17,"name":"Footer","slug":"footer"}],"author":{"name":"Gutenverse","url":"http:\/\/gutenverse.com"}},{"id":1243,"name":"Renovater Header","data":{"pro":"0","cover":["https:\/\/gutenverse.com\/wp-content\/uploads\/2022\/07\/ss-renovater-sections-header.jpg",1440,255,false],"compatible_version":null,"requirements":[],"slug":"renovater-header"},"categories":[{"id":16,"name":"Header","slug":"header"}],"author":{"name":"Gutenverse","url":"http:\/\/gutenverse.com"}},{"id":1199,"name":"Intrace Sections Testimonials","data":{"pro":"0","cover":["https:\/\/gutenverse.com\/wp-content\/uploads\/2022\/07\/ss-intrace-sections-testimonials.jpg",1440,839,false],"compatible_version":null,"requirements":[],"slug":"intrace-sections-testimonials"},"categories":[{"id":18,"name":"Testimonials","slug":"testimonials"}],"author":{"name":"Gutenverse","url":"http:\/\/gutenverse.com"}},{"id":1195,"name":"Intrace Sections Contact 2","data":{"pro":"0","cover":["https:\/\/gutenverse.com\/wp-content\/uploads\/2022\/07\/ss-intrace-sections-contact-us.jpg",1440,823,false],"compatible_version":null,"requirements":[],"slug":"intrace-sections-contact-2"},"categories":[{"id":24,"name":"Contact","slug":"contact"}],"author":{"name":"Gutenverse","url":"http:\/\/gutenverse.com"}},{"id":1192,"name":"Intrace Sections Projects","data":{"pro":"0","cover":["https:\/\/gutenverse.com\/wp-content\/uploads\/2022\/07\/ss-intrace-sections-projects-gallery.jpg",1440,1405,false],"compatible_version":null,"requirements":[],"slug":"intrace-sections-projects"},"categories":[{"id":31,"name":"Projects","slug":"projects"}],"author":{"name":"Gutenverse","url":"http:\/\/gutenverse.com"}},{"id":1189,"name":"Intrace Sections Contact","data":{"pro":"0","cover":["https:\/\/gutenverse.com\/wp-content\/uploads\/2022\/07\/ss-intrace-sections-contact-person.jpg",1440,796,false],"compatible_version":null,"requirements":[],"slug":"intrace-sections-contact"},"categories":[{"id":24,"name":"Contact","slug":"contact"}],"author":{"name":"Gutenverse","url":"http:\/\/gutenverse.com"}},{"id":1186,"name":"Intrace Sections Feature 4","data":{"pro":"0","cover":["https:\/\/gutenverse.com\/wp-content\/uploads\/2022\/07\/ss-intrace-sections-feature-4.jpg",1440,850,false],"compatible_version":null,"requirements":[],"slug":"intrace-sections-feature-4"},"categories":[{"id":26,"name":"Feature","slug":"feature"}],"author":{"name":"Gutenverse","url":"http:\/\/gutenverse.com"}},{"id":1183,"name":"Intrace Sections Services","data":{"pro":"0","cover":["https:\/\/gutenverse.com\/wp-content\/uploads\/2022\/07\/ss-intrace-sections-services.jpg",1440,905,false],"compatible_version":null,"requirements":[],"slug":"intrace-sections-services"},"categories":[{"id":20,"name":"Services","slug":"services"}],"author":{"name":"Gutenverse","url":"http:\/\/gutenverse.com"}},{"id":1180,"name":"Intrace Sections Feature 3","data":{"pro":"0","cover":["https:\/\/gutenverse.com\/wp-content\/uploads\/2022\/07\/ss-intrace-sections-feature-3.jpg",1440,524,false],"compatible_version":null,"requirements":[],"slug":"intrace-sections-feature-3"},"categories":[{"id":26,"name":"Feature","slug":"feature"}],"author":{"name":"Gutenverse","url":"http:\/\/gutenverse.com"}},{"id":1177,"name":"Intrace Sections About 2","data":{"pro":"0","cover":["https:\/\/gutenverse.com\/wp-content\/uploads\/2022\/07\/ss-intrace-sections-about-us.jpg",1440,903,false],"compatible_version":null,"requirements":[],"slug":"intrace-sections-about-2"},"categories":[{"id":23,"name":"About","slug":"about"}],"author":{"name":"Gutenverse","url":"http:\/\/gutenverse.com"}},{"id":1174,"name":"Intrace Sections CTA","data":{"pro":"0","cover":["https:\/\/gutenverse.com\/wp-content\/uploads\/2022\/07\/ss-intrace-sections-cta.jpg",1440,260,false],"compatible_version":null,"requirements":[],"slug":"intrace-sections-cta"},"categories":[{"id":22,"name":"Call To Action","slug":"call-to-action"}],"author":{"name":"Gutenverse","url":"http:\/\/gutenverse.com"}},{"id":1168,"name":"Intrace Sections Feature 2","data":{"pro":"0","cover":["https:\/\/gutenverse.com\/wp-content\/uploads\/2022\/07\/ss-intrace-sections-feature-2.jpg",1440,394,false],"compatible_version":null,"requirements":[],"slug":"intrace-sections-feature-2"},"categories":[{"id":26,"name":"Feature","slug":"feature"}],"author":{"name":"Gutenverse","url":"http:\/\/gutenverse.com"}},{"id":1165,"name":"Intrace Sections Funfact","data":{"pro":"0","cover":["https:\/\/gutenverse.com\/wp-content\/uploads\/2022\/07\/ss-intrace-sections-funfact.jpg",1440,202,false],"compatible_version":null,"requirements":[],"slug":"intrace-sections-funfact"},"categories":[{"id":27,"name":"Funfact","slug":"funfact"}],"author":{"name":"Gutenverse","url":"http:\/\/gutenverse.com"}},{"id":1162,"name":"Intrace Sections Pricing","data":{"pro":"0","cover":["https:\/\/gutenverse.com\/wp-content\/uploads\/2022\/07\/ss-intrace-sections-pricing.jpg",1440,791,false],"compatible_version":null,"requirements":[],"slug":"intrace-sections-pricing"},"categories":[{"id":29,"name":"Pricing","slug":"pricing"}],"author":{"name":"Gutenverse","url":"http:\/\/gutenverse.com"}},{"id":1159,"name":"Intrace Section Services","data":{"pro":"0","cover":["https:\/\/gutenverse.com\/wp-content\/uploads\/2022\/07\/ss-intrace-sections-home-services-e1658115896825.jpg",1439,853,false],"compatible_version":null,"requirements":[],"slug":"intrace-section-services"},"categories":[{"id":20,"name":"Services","slug":"services"}],"author":{"name":"Gutenverse","url":"http:\/\/gutenverse.com"}},{"id":1156,"name":"Intrace Section About","data":{"pro":"0","cover":["https:\/\/gutenverse.com\/wp-content\/uploads\/2022\/07\/ss-intrace-sections-about.jpg",1440,637,false],"compatible_version":null,"requirements":[],"slug":"intrace-section-about"},"categories":[{"id":23,"name":"About","slug":"about"}],"author":{"name":"Gutenverse","url":"http:\/\/gutenverse.com"}},{"id":1153,"name":"Intrace Section Feature","data":{"pro":"0","cover":["https:\/\/gutenverse.com\/wp-content\/uploads\/2022\/07\/ss-intrace-sections-featured-home.jpg",1440,399,false],"compatible_version":null,"requirements":[],"slug":"intrace-section-feature"},"categories":[{"id":26,"name":"Feature","slug":"feature"}],"author":{"name":"Gutenverse","url":"http:\/\/gutenverse.com"}},{"id":1150,"name":"Intrace Section Hero","data":{"pro":"0","cover":["https:\/\/gutenverse.com\/wp-content\/uploads\/2022\/07\/ss-intrace-sections-hero-home.jpg",1440,832,false],"compatible_version":null,"requirements":[],"slug":"intrace-section-hero"},"categories":[{"id":19,"name":"Hero","slug":"hero"}],"author":{"name":"Gutenverse","url":"http:\/\/gutenverse.com"}},{"id":1144,"name":"Intrace Footer","data":{"pro":"0","cover":["https:\/\/gutenverse.com\/wp-content\/uploads\/2022\/07\/ss-intrace-sections-footer.jpg",1440,412,false],"compatible_version":null,"requirements":[],"slug":"intrace-footer"},"categories":[{"id":17,"name":"Footer","slug":"footer"}],"author":{"name":"Gutenverse","url":"http:\/\/gutenverse.com"}},{"id":1140,"name":"Intrace Header","data":{"pro":"0","cover":["https:\/\/gutenverse.com\/wp-content\/uploads\/2022\/07\/ss-intrace-sections-header.jpg",1440,141,false],"compatible_version":null,"requirements":[],"slug":"intrace-header"},"categories":[{"id":16,"name":"Header","slug":"header"}],"author":{"name":"Gutenverse","url":"http:\/\/gutenverse.com"}},{"id":1104,"name":"Zeever Section Contact","data":{"pro":"0","cover":["https:\/\/gutenverse.com\/wp-content\/uploads\/2022\/07\/ss-zeever-sections-contct.jpg",1440,2002,false],"compatible_version":null,"requirements":[],"slug":"zeever-section-contact"},"categories":[{"id":24,"name":"Contact","slug":"contact"}],"author":{"name":"Gutenverse","url":"http:\/\/gutenverse.com"}},{"id":1102,"name":"Zeever Section Projects 2","data":{"pro":"0","cover":["https:\/\/gutenverse.com\/wp-content\/uploads\/2022\/07\/ss-zeever-sections-project-2.jpg",1439,1047,false],"compatible_version":null,"requirements":[],"slug":"zeever-section-projects-2"},"categories":[{"id":31,"name":"Projects","slug":"projects"}],"author":{"name":"Gutenverse","url":"http:\/\/gutenverse.com"}},{"id":1100,"name":"Zeever Section FAQ","data":{"pro":"0","cover":["https:\/\/gutenverse.com\/wp-content\/uploads\/2022\/07\/ss-zeever-sections-faq.jpg",1439,867,false],"compatible_version":null,"requirements":[],"slug":"zeever-section-faq"},"categories":[{"id":21,"name":"FAQ","slug":"faq"}],"author":{"name":"Gutenverse","url":"http:\/\/gutenverse.com"}},{"id":1098,"name":"Zeever Section Team","data":{"pro":"0","cover":["https:\/\/gutenverse.com\/wp-content\/uploads\/2022\/07\/ss-zeever-sections-team.jpg",1439,878,false],"compatible_version":null,"requirements":[],"slug":"zeever-section-team"},"categories":[{"id":25,"name":"Team","slug":"team"}],"author":{"name":"Gutenverse","url":"http:\/\/gutenverse.com"}},{"id":1096,"name":"Zeever Section About","data":{"pro":"0","cover":["https:\/\/gutenverse.com\/wp-content\/uploads\/2022\/07\/ss-zeever-sections-about-2.jpg",1439,738,false],"compatible_version":null,"requirements":[],"slug":"zeever-section-about-2"},"categories":[{"id":23,"name":"About","slug":"about"}],"author":{"name":"Gutenverse","url":"http:\/\/gutenverse.com"}},{"id":1092,"name":"Zeever Section Feature 3","data":{"pro":"0","cover":["https:\/\/gutenverse.com\/wp-content\/uploads\/2022\/07\/ss-zeever-sections-feature-3.jpg",1439,730,false],"compatible_version":null,"requirements":[],"slug":"zeever-section-feature-3"},"categories":[{"id":26,"name":"Feature","slug":"feature"}],"author":{"name":"Gutenverse","url":"http:\/\/gutenverse.com"}},{"id":1090,"name":"Zeever Section Feature 2","data":{"pro":"0","cover":["https:\/\/gutenverse.com\/wp-content\/uploads\/2022\/07\/ss-zeever-sections-feature-2.jpg",1439,819,false],"compatible_version":null,"requirements":[],"slug":"zeever-section-feature-2"},"categories":[{"id":26,"name":"Feature","slug":"feature"}],"author":{"name":"Gutenverse","url":"http:\/\/gutenverse.com"}},{"id":1087,"name":"Zeever Section Testimonials","data":{"pro":"0","cover":["https:\/\/gutenverse.com\/wp-content\/uploads\/2022\/07\/ss-zeever-sections-testimonials.jpg",1439,974,false],"compatible_version":null,"requirements":[],"slug":"zeever-section-testimonials"},"categories":[{"id":18,"name":"Testimonials","slug":"testimonials"}],"author":{"name":"Gutenverse","url":"http:\/\/gutenverse.com"}},{"id":1085,"name":"Zeever Section About","data":{"pro":"0","cover":["https:\/\/gutenverse.com\/wp-content\/uploads\/2022\/07\/ss-zeever-sections-about.jpg",1439,1187,false],"compatible_version":null,"requirements":[],"slug":"zeever-section-about"},"categories":[{"id":23,"name":"About","slug":"about"}],"author":{"name":"Gutenverse","url":"http:\/\/gutenverse.com"}},{"id":1083,"name":"Zeever Section Projects","data":{"pro":"0","cover":["https:\/\/gutenverse.com\/wp-content\/uploads\/2022\/07\/ss-zeever-sections-projects.jpg",1439,909,false],"compatible_version":null,"requirements":[],"slug":"zeever-section-projects"},"categories":[{"id":31,"name":"Projects","slug":"projects"}],"author":{"name":"Gutenverse","url":"http:\/\/gutenverse.com"}},{"id":1081,"name":"Zeever Section Services","data":{"pro":"0","cover":["https:\/\/gutenverse.com\/wp-content\/uploads\/2022\/07\/ss-zeever-sections-services.jpg",1439,1025,false],"compatible_version":null,"requirements":[],"slug":"zeever-section-services"},"categories":[{"id":20,"name":"Services","slug":"services"}],"author":{"name":"Gutenverse","url":"http:\/\/gutenverse.com"}},{"id":1079,"name":"Zeever Section Feature","data":{"pro":"0","cover":["https:\/\/gutenverse.com\/wp-content\/uploads\/2022\/07\/ss-zeever-sections-feature.jpg",1438,594,false],"compatible_version":null,"requirements":[],"slug":"zeever-section-feature"},"categories":[{"id":26,"name":"Feature","slug":"feature"}],"author":{"name":"Gutenverse","url":"http:\/\/gutenverse.com"}},{"id":1064,"name":"Zeever Section Hero","data":{"pro":"0","cover":["https:\/\/gutenverse.com\/wp-content\/uploads\/2022\/07\/ss-zeever-sections-hero.jpg",1439,769,false],"compatible_version":null,"requirements":[],"slug":"zeever-section-hero"},"categories":[{"id":19,"name":"Hero","slug":"hero"}],"author":{"name":"Gutenverse","url":"http:\/\/gutenverse.com"}},{"id":1062,"name":"Zeever Footer","data":{"pro":"0","cover":["https:\/\/gutenverse.com\/wp-content\/uploads\/2022\/07\/ss-zeever-footer.jpg",1440,1122,false],"compatible_version":null,"requirements":[],"slug":"zeever-footer"},"categories":[{"id":17,"name":"Footer","slug":"footer"}],"author":{"name":"Gutenverse","url":"http:\/\/gutenverse.com"}},{"id":1058,"name":"Zeever Header","data":{"pro":"0","cover":["https:\/\/gutenverse.com\/wp-content\/uploads\/2022\/07\/ss-zeever-header.jpg",1440,85,false],"compatible_version":null,"requirements":[],"slug":"zeever-header"},"categories":[{"id":16,"name":"Header","slug":"header"}],"author":{"name":"Gutenverse","url":"http:\/\/gutenverse.com"}},{"id":1036,"name":"Startupzy Section Blog","data":{"pro":"0","cover":["https:\/\/gutenverse.com\/wp-content\/uploads\/2022\/07\/blog.jpg",1439,931,false],"compatible_version":null,"requirements":[],"slug":"startupzy-section-blog"},"categories":[{"id":30,"name":"Blog","slug":"blog"}],"author":{"name":"Gutenverse","url":"http:\/\/gutenverse.com"}},{"id":1034,"name":"Startupzy Section Contact","data":{"pro":"0","cover":["https:\/\/gutenverse.com\/wp-content\/uploads\/2022\/07\/contact.jpg",1440,1250,false],"compatible_version":null,"requirements":[],"slug":"startupzy-section-contact"},"categories":[{"id":24,"name":"Contact","slug":"contact"}],"author":{"name":"Gutenverse","url":"http:\/\/gutenverse.com"}},{"id":1032,"name":"Startupzy Section Team","data":{"pro":"0","cover":["https:\/\/gutenverse.com\/wp-content\/uploads\/2022\/07\/team.jpg",1440,860,false],"compatible_version":null,"requirements":[],"slug":"startupzy-section-team"},"categories":[{"id":25,"name":"Team","slug":"team"}],"author":{"name":"Gutenverse","url":"http:\/\/gutenverse.com"}},{"id":1030,"name":"Startupzy Section CTA","data":{"pro":"0","cover":["https:\/\/gutenverse.com\/wp-content\/uploads\/2022\/07\/cta.jpg",1440,470,false],"compatible_version":null,"requirements":[],"slug":"startupzy-section-cta"},"categories":[{"id":22,"name":"Call To Action","slug":"call-to-action"}],"author":{"name":"Gutenverse","url":"http:\/\/gutenverse.com"}},{"id":1028,"name":"Startupzy Footer","data":{"pro":"0","cover":["https:\/\/gutenverse.com\/wp-content\/uploads\/2022\/07\/footer.jpg",1439,727,false],"compatible_version":null,"requirements":[],"slug":"footer"},"categories":[{"id":17,"name":"Footer","slug":"footer"}],"author":{"name":"Gutenverse","url":"http:\/\/gutenverse.com"}},{"id":1026,"name":"Startupzy Header","data":{"pro":"0","cover":["https:\/\/gutenverse.com\/wp-content\/uploads\/2022\/07\/header.jpg",1439,87,false],"compatible_version":null,"requirements":[],"slug":"startupzy-header"},"categories":[{"id":16,"name":"Header","slug":"header"}],"author":{"name":"Gutenverse","url":"http:\/\/gutenverse.com"}},{"id":1024,"name":"Startupzy Sections Testimonials","data":{"pro":"0","cover":["https:\/\/gutenverse.com\/wp-content\/uploads\/2022\/07\/testimonial.jpg",1439,894,false],"compatible_version":null,"requirements":[],"slug":"startupzy-sections-testimonials"},"categories":[{"id":18,"name":"Testimonials","slug":"testimonials"}],"author":{"name":"Gutenverse","url":"http:\/\/gutenverse.com"}},{"id":1022,"name":"Startupzy Sections Pricing","data":{"pro":"0","cover":["https:\/\/gutenverse.com\/wp-content\/uploads\/2022\/07\/pricing.jpg",1439,902,false],"compatible_version":null,"requirements":[],"slug":"startupzy-sections-pricing"},"categories":[{"id":29,"name":"Pricing","slug":"pricing"}],"author":{"name":"Gutenverse","url":"http:\/\/gutenverse.com"}},{"id":1020,"name":"Startupzy Sections Services","data":{"pro":"0","cover":["https:\/\/gutenverse.com\/wp-content\/uploads\/2022\/07\/services.jpg",1439,1055,false],"compatible_version":null,"requirements":[],"slug":"startupzy-sections-services"},"categories":[{"id":20,"name":"Services","slug":"services"}],"author":{"name":"Gutenverse","url":"http:\/\/gutenverse.com"}},{"id":1018,"name":"Startupzy Sections Feature","data":{"pro":"0","cover":["https:\/\/gutenverse.com\/wp-content\/uploads\/2022\/07\/feature.jpg",1439,445,false],"compatible_version":null,"requirements":[],"slug":"startupzy-sections-feature"},"categories":[{"id":26,"name":"Feature","slug":"feature"}],"author":{"name":"Gutenverse","url":"http:\/\/gutenverse.com"}},{"id":1016,"name":"Startupzy Sections About","data":{"pro":"0","cover":["https:\/\/gutenverse.com\/wp-content\/uploads\/2022\/07\/about.jpg",1439,820,false],"compatible_version":null,"requirements":[],"slug":"startupzy-sections-about"},"categories":[{"id":23,"name":"About","slug":"about"}],"author":{"name":"Gutenverse","url":"http:\/\/gutenverse.com"}},{"id":1002,"name":"Startupzy Hero","data":{"pro":"0","cover":["https:\/\/gutenverse.com\/wp-content\/uploads\/2022\/07\/hero.jpg",1439,768,false],"compatible_version":null,"requirements":[],"slug":"startupzy-hero"},"categories":[{"id":19,"name":"Hero","slug":"hero"}],"author":{"name":"Gutenverse","url":"http:\/\/gutenverse.com"}},{"id":935,"name":"Photology Sections Portfolio Grid","data":{"pro":"0","cover":["https:\/\/gutenverse.com\/wp-content\/uploads\/2022\/07\/sections-portfolio-grid-copy.webp",1440,1400,false],"compatible_version":null,"requirements":[],"slug":"photology-sections-portfolio-grid"},"categories":[{"id":28,"name":"Gallery","slug":"gallery"}],"author":{"name":"Gutenverse","url":"http:\/\/gutenverse.com"}},{"id":933,"name":"Photology Sections Portfolio Masonry","data":{"pro":"0","cover":["https:\/\/gutenverse.com\/wp-content\/uploads\/2022\/07\/sections-single-portfolio-masonry.webp",1440,2061,false],"compatible_version":null,"requirements":[],"slug":"photology-sections-portfolio-masonry"},"categories":[{"id":28,"name":"Gallery","slug":"gallery"}],"author":{"name":"Gutenverse","url":"http:\/\/gutenverse.com"}},{"id":904,"name":"Photology Sections Contact","data":{"pro":"0","cover":["https:\/\/gutenverse.com\/wp-content\/uploads\/2022\/06\/photology-sections-contact.jpg",1440,1141,false],"compatible_version":null,"requirements":[],"slug":"photology-sections-contact"},"categories":[{"id":24,"name":"Contact","slug":"contact"}],"author":{"name":"Gutenverse","url":"http:\/\/gutenverse.com"}},{"id":901,"name":"Photology sections Benefits","data":{"pro":"0","cover":["https:\/\/gutenverse.com\/wp-content\/uploads\/2022\/06\/photology-sections-benefits.jpg",1440,825,false],"compatible_version":null,"requirements":[],"slug":"photology-sections-benefits"},"categories":[{"id":26,"name":"Feature","slug":"feature"}],"author":{"name":"Gutenverse","url":"http:\/\/gutenverse.com"}},{"id":898,"name":"Photology Services 2","data":{"pro":"0","cover":["https:\/\/gutenverse.com\/wp-content\/uploads\/2022\/06\/photology-services-2.jpg",1440,758,false],"compatible_version":null,"requirements":[],"slug":"photology-services-2"},"categories":[{"id":20,"name":"Services","slug":"services"}],"author":{"name":"Gutenverse","url":"http:\/\/gutenverse.com"}},{"id":896,"name":"Photology Fun Fact","data":{"pro":"0","cover":["https:\/\/gutenverse.com\/wp-content\/uploads\/2022\/06\/photology-funfact2.jpg",1440,355,false],"compatible_version":"","requirements":[],"slug":"896"},"categories":[{"id":27,"name":"Funfact","slug":"funfact"}],"author":{"name":"Gutenverse","url":"http:\/\/gutenverse.com"}},{"id":890,"name":"Photology Call To Action","data":{"pro":"0","cover":["https:\/\/gutenverse.com\/wp-content\/uploads\/2022\/06\/photology-cta.jpg",1439,412,false],"compatible_version":null,"requirements":[],"slug":"photology-call-to-action"},"categories":[{"id":22,"name":"Call To Action","slug":"call-to-action"}],"author":{"name":"Gutenverse","url":"http:\/\/gutenverse.com"}},{"id":887,"name":"photology Sections About","data":{"pro":"0","cover":["https:\/\/gutenverse.com\/wp-content\/uploads\/2022\/06\/photology-sections-about.jpg",1439,638,false],"compatible_version":null,"requirements":[],"slug":"photology-sections-about-jpg"},"categories":[{"id":23,"name":"About","slug":"about"}],"author":{"name":"Gutenverse","url":"http:\/\/gutenverse.com"}},{"id":885,"name":"Photology Footer","data":{"pro":"0","cover":["https:\/\/gutenverse.com\/wp-content\/uploads\/2022\/06\/photology-footer.jpg",1439,479,false],"compatible_version":null,"requirements":[],"slug":"photology-footer"},"categories":[{"id":17,"name":"Footer","slug":"footer"}],"author":{"name":"Gutenverse","url":"http:\/\/gutenverse.com"}},{"id":878,"name":"Photology Team","data":{"pro":"0","cover":["https:\/\/gutenverse.com\/wp-content\/uploads\/2022\/06\/photology-sections-team.jpg",1439,952,false],"compatible_version":null,"requirements":[],"slug":"photology-team"},"categories":[{"id":25,"name":"Team","slug":"team"}],"author":{"name":"Gutenverse","url":"http:\/\/gutenverse.com"}},{"id":868,"name":"Photology Testimonials","data":{"pro":"0","cover":["https:\/\/gutenverse.com\/wp-content\/uploads\/2022\/06\/testimonials-photology.jpg",1439,788,false],"compatible_version":null,"requirements":[],"slug":"photology-testimonials"},"categories":[{"id":18,"name":"Testimonials","slug":"testimonials"}],"author":{"name":"Gutenverse","url":"http:\/\/gutenverse.com"}},{"id":849,"name":"photology portfolio","data":{"pro":"0","cover":["https:\/\/gutenverse.com\/wp-content\/uploads\/2022\/06\/sections-portfolio-photology.jpg",1440,1997,false],"compatible_version":null,"requirements":[],"slug":"photology-portfolio"},"categories":[],"author":{"name":"Gutenverse","url":"http:\/\/gutenverse.com"}},{"id":846,"name":"Services photology","data":{"pro":"0","cover":["https:\/\/gutenverse.com\/wp-content\/uploads\/2022\/06\/services-photology.jpg",1439,633,false],"compatible_version":null,"requirements":[],"slug":"services-photology"},"categories":[{"id":20,"name":"Services","slug":"services"}],"author":{"name":"Gutenverse","url":"http:\/\/gutenverse.com"}},{"id":841,"name":"Hero Photology","data":{"pro":"0","cover":["https:\/\/gutenverse.com\/wp-content\/uploads\/2022\/06\/hero-photology.jpg",1439,914,false],"compatible_version":null,"requirements":[],"slug":"hero-photology"},"categories":[{"id":19,"name":"Hero","slug":"hero"}],"author":{"name":"Gutenverse","url":"http:\/\/gutenverse.com"}},{"id":837,"name":"Contact Financio","data":{"pro":"0","cover":["https:\/\/gutenverse.com\/wp-content\/uploads\/2022\/06\/contact-financio.jpg",1440,1055,false],"compatible_version":null,"requirements":[],"slug":"contact-financio"},"categories":[{"id":24,"name":"Contact","slug":"contact"}],"author":{"name":"Gutenverse","url":"http:\/\/gutenverse.com"}},{"id":834,"name":"Services Financio 2","data":{"pro":"0","cover":["https:\/\/gutenverse.com\/wp-content\/uploads\/2022\/06\/financio-services-2.jpg",1439,1171,false],"compatible_version":null,"requirements":[],"slug":"services-financio-2"},"categories":[{"id":20,"name":"Services","slug":"services"}],"author":{"name":"Gutenverse","url":"http:\/\/gutenverse.com"}},{"id":831,"name":"Footer Finanico","data":{"pro":"0","cover":["https:\/\/gutenverse.com\/wp-content\/uploads\/2022\/06\/footer-financio.jpg",1440,461,false],"compatible_version":null,"requirements":[],"slug":"footer-finanico"},"categories":[{"id":17,"name":"Footer","slug":"footer"}],"author":{"name":"Gutenverse","url":"http:\/\/gutenverse.com"}},{"id":828,"name":"Header Financio","data":{"pro":"0","cover":["https:\/\/gutenverse.com\/wp-content\/uploads\/2022\/06\/header-financio.jpg",1440,142,false],"compatible_version":null,"requirements":[],"slug":"header-financio"},"categories":[{"id":16,"name":"Header","slug":"header"}],"author":{"name":"Gutenverse","url":"http:\/\/gutenverse.com"}},{"id":808,"name":"FAQ","data":{"pro":"0","cover":["https:\/\/gutenverse.com\/wp-content\/uploads\/2022\/06\/pattern-faq.jpg",1439,815,false],"compatible_version":null,"requirements":[],"slug":"faq"},"categories":[{"id":21,"name":"FAQ","slug":"faq"}],"author":{"name":"Gutenverse","url":"http:\/\/gutenverse.com"}},{"id":805,"name":"Testimonials","data":{"pro":"0","cover":["https:\/\/gutenverse.com\/wp-content\/uploads\/2022\/06\/testimonial.jpg",1439,778,false],"compatible_version":null,"requirements":[],"slug":"805"},"categories":[{"id":18,"name":"Testimonials","slug":"testimonials"}],"author":{"name":"Gutenverse","url":"http:\/\/gutenverse.com"}},{"id":802,"name":"About","data":{"pro":"0","cover":["https:\/\/gutenverse.com\/wp-content\/uploads\/2022\/06\/pattern-about.jpg",1439,640,false],"compatible_version":null,"requirements":[],"slug":"about"},"categories":[{"id":23,"name":"About","slug":"about"}],"author":{"name":"Gutenverse","url":"http:\/\/gutenverse.com"}},{"id":559,"name":"Feature 2","data":{"pro":"0","cover":["https:\/\/gutenverse.com\/wp-content\/uploads\/2022\/05\/feature-2.jpg",1440,706,false],"compatible_version":null,"requirements":[],"slug":"feature-2"},"categories":[{"id":26,"name":"Feature","slug":"feature"}],"author":{"name":"Gutenverse","url":"http:\/\/gutenverse.com"}},{"id":556,"name":"Feature","data":{"pro":"0","cover":["https:\/\/gutenverse.com\/wp-content\/uploads\/2022\/05\/feature.jpg",1440,377,false],"compatible_version":null,"requirements":[],"slug":"feature"},"categories":[{"id":26,"name":"Feature","slug":"feature"}],"author":{"name":"Gutenverse","url":"http:\/\/gutenverse.com"}},{"id":553,"name":"Services","data":{"pro":"0","cover":["https:\/\/gutenverse.com\/wp-content\/uploads\/2022\/05\/services.jpg",1440,1111,false],"compatible_version":null,"requirements":[],"slug":"services"},"categories":[{"id":20,"name":"Services","slug":"services"}],"author":{"name":"Gutenverse","url":"http:\/\/gutenverse.com"}},{"id":550,"name":"Section About","data":{"pro":"0","cover":["https:\/\/gutenverse.com\/wp-content\/uploads\/2022\/05\/home-about.jpg",1440,656,false],"compatible_version":null,"requirements":[],"slug":"section-about"},"categories":[{"id":23,"name":"About","slug":"about"}],"author":{"name":"Gutenverse","url":"http:\/\/gutenverse.com"}},{"id":547,"name":"Call To Action","data":{"pro":"0","cover":["https:\/\/gutenverse.com\/wp-content\/uploads\/2022\/05\/cta.jpg",1440,430,false],"compatible_version":null,"requirements":[],"slug":"call-to-action"},"categories":[{"id":22,"name":"Call To Action","slug":"call-to-action"}],"author":{"name":"Gutenverse","url":"http:\/\/gutenverse.com"}},{"id":540,"name":"Section Team","data":{"pro":"0","cover":["https:\/\/gutenverse.com\/wp-content\/uploads\/2022\/05\/section-team.jpg",1440,875,false],"compatible_version":null,"requirements":[],"slug":"section-team"},"categories":[{"id":25,"name":"Team","slug":"team"}],"author":{"name":"Gutenverse","url":"http:\/\/gutenverse.com"}},{"id":524,"name":"Section 1","data":{"pro":"0","cover":["https:\/\/gutenverse.com\/wp-content\/uploads\/2022\/05\/home-section-1.jpg",1440,780,false],"compatible_version":null,"requirements":[],"slug":"section-1"},"categories":[{"id":19,"name":"Hero","slug":"hero"}],"author":{"name":"Gutenverse","url":"http:\/\/gutenverse.com"}}]