[{"id":23,"name":"About","slug":"about"},{"id":48,"name":"Appointment","slug":"appointment"},{"id":30,"name":"Blog","slug":"blog"},{"id":22,"name":"Call To Action","slug":"call-to-action"},{"id":42,"name":"Client Logo","slug":"client-logo"},{"id":24,"name":"Contact","slug":"contact"},{"id":21,"name":"FAQ","slug":"faq"},{"id":26,"name":"Feature","slug":"feature"},{"id":17,"name":"Footer","slug":"footer"},{"id":27,"name":"Funfact","slug":"funfact"},{"id":28,"name":"Gallery","slug":"gallery"},{"id":16,"name":"Header","slug":"header"},{"id":19,"name":"Hero","slug":"hero"},{"id":50,"name":"Popup","slug":"popup"},{"id":29,"name":"Pricing","slug":"pricing"},{"id":31,"name":"Projects","slug":"projects"},{"id":20,"name":"Services","slug":"services"},{"id":25,"name":"Team","slug":"team"},{"id":18,"name":"Testimonials","slug":"testimonials"}]