[{"id":3465,"name":"Echelon","data":{"name":"Echelon - Corporate Business","pro":"0","slug":"echelon-fse","version":"1.0.0","cover":["https:\/\/gutenverse.com\/wp-content\/uploads\/2022\/11\/ss-echelon-cover-home-1.webp",1440,1944,false],"demo":"https:\/\/gutenverse.com\/demo?name=echelon-fse","host":"wporg","compatible_version":"","requirements":[]},"categories":[{"id":32,"name":"Business Services","slug":"business-services"}],"author":{"name":"Gutenverse","url":"http:\/\/gutenverse.com"}},{"id":2475,"name":"Hypebiz","data":{"name":"Hypebiz - Multipurpose Business","pro":"0","slug":"hypebiz","version":"1.0.0","cover":["https:\/\/gutenverse.com\/wp-content\/uploads\/2022\/09\/ss-hypebiz-cover-home-1.webp",1440,1944,false],"demo":"https:\/\/gutenverse.com\/demo?name=hypebiz","host":"wporg","compatible_version":null,"requirements":[]},"categories":[{"id":32,"name":"Business Services","slug":"business-services"}],"author":{"name":"Gutenverse","url":"http:\/\/gutenverse.com"}},{"id":1751,"name":"Restance","data":{"name":"Restance - Real Estate & Property","pro":"0","slug":"restance","version":"1.0.0","cover":["https:\/\/gutenverse.com\/wp-content\/uploads\/2022\/08\/ss-restance-cover-home.webp",1440,1944,false],"demo":"https:\/\/gutenverse.com\/demo?name=restance","host":"wporg","compatible_version":null,"requirements":[]},"categories":[{"id":32,"name":"Business Services","slug":"business-services"},{"id":35,"name":"Real Estate Construction","slug":"real-estate-construction"}],"author":{"name":"Gutenverse","url":"http:\/\/gutenverse.com"}},{"id":1637,"name":"Travey","data":{"name":"Travey \u2013 Travel & Tour Agency","pro":"0","slug":"travey","version":"1.0.1","cover":["https:\/\/gutenverse.com\/wp-content\/uploads\/2022\/08\/ss-travey-cover-home.webp",1440,1944,false],"demo":"https:\/\/gutenverse.com\/demo?name=travey","host":"wporg","compatible_version":null,"requirements":[]},"categories":[{"id":32,"name":"Business Services","slug":"business-services"},{"id":39,"name":"Travel Accomodation","slug":"travel-accomodation"}],"author":{"name":"Gutenverse","url":"http:\/\/gutenverse.com"}},{"id":1489,"name":"Accountra","data":{"name":"Accountra - Accounting & Tax Themes","pro":"0","slug":"accountra","version":"1.0.0","cover":["https:\/\/gutenverse.com\/wp-content\/uploads\/2022\/07\/ss-accountra-cover-home.webp",1440,1944,false],"demo":"https:\/\/gutenverse.com\/demo?name=accountra","host":"wporg","compatible_version":null,"requirements":[]},"categories":[{"id":32,"name":"Business Services","slug":"business-services"},{"id":37,"name":"Finance Law","slug":"finance-law"}],"author":{"name":"Gutenverse","url":"http:\/\/gutenverse.com"}},{"id":1283,"name":"Waterlava","data":{"name":"Waterlava - Beauty\/Spa Theme","pro":"0","slug":"waterlava","version":"1.0.0","cover":["https:\/\/gutenverse.com\/wp-content\/uploads\/2022\/07\/ss-waterlava.webp",1440,1944,false],"demo":"https:\/\/gutenverse.com\/demo?name=waterlava","host":"wporg","compatible_version":null,"requirements":[]},"categories":[{"id":38,"name":"Fashion Beauty","slug":"fashion-beauty"}],"author":{"name":"Gutenverse","url":"http:\/\/gutenverse.com"}},{"id":1112,"name":"Renovater","data":{"name":"Renovater \u2013 Construction Theme","pro":"0","slug":"renovater","version":"","cover":["https:\/\/gutenverse.com\/wp-content\/uploads\/2022\/07\/ss-renovater-cover-home.webp",1440,1944,false],"demo":"https:\/\/gutenverse.com\/demo?name=renovater","host":"wporg","compatible_version":null,"requirements":[]},"categories":[{"id":32,"name":"Business Services","slug":"business-services"},{"id":35,"name":"Real Estate Construction","slug":"real-estate-construction"}],"author":{"name":"Gutenverse","url":"http:\/\/gutenverse.com"}},{"id":955,"name":"Intrace","data":{"name":"Intrace - Interior & Real Estate Theme","pro":"0","slug":"intrace","version":"","cover":["https:\/\/gutenverse.com\/wp-content\/uploads\/2022\/07\/ss-intrace-cover-home.webp",1440,1944,false],"demo":"https:\/\/gutenverse.com\/demo?name=intrace","host":"wporg","compatible_version":null,"requirements":[]},"categories":[{"id":34,"name":"Creative &amp; Portfolio","slug":"creative-portfolio"},{"id":35,"name":"Real Estate Construction","slug":"real-estate-construction"}],"author":{"name":"Gutenverse","url":"http:\/\/gutenverse.com"}},{"id":861,"name":"Zeever","data":{"name":"Zeever - Digital Agency Dark Theme","pro":"0","slug":"zeever","version":"","cover":["https:\/\/gutenverse.com\/wp-content\/uploads\/2022\/06\/ss-zeever.jpg",1440,1944,false],"demo":"https:\/\/gutenverse.com\/demo?name=zeever","host":"wporg","compatible_version":null,"requirements":[]},"categories":[{"id":32,"name":"Business Services","slug":"business-services"},{"id":34,"name":"Creative &amp; Portfolio","slug":"creative-portfolio"},{"id":33,"name":"Technology Apps","slug":"technology-apps"}],"author":{"name":"Gutenverse","url":"http:\/\/gutenverse.com"}},{"id":574,"name":"Startupzy","data":{"name":"Startupzy - Tech Startup Theme","pro":"0","slug":"startupzy","version":"","cover":["https:\/\/gutenverse.com\/wp-content\/uploads\/2022\/05\/screenshot-startupzy.jpg",1440,1944,false],"demo":"https:\/\/gutenverse.com\/demo?name=startupzy","host":"wporg","compatible_version":null,"requirements":[]},"categories":[{"id":32,"name":"Business Services","slug":"business-services"},{"id":33,"name":"Technology Apps","slug":"technology-apps"}],"author":{"name":"Gutenverse","url":"http:\/\/gutenverse.com"}},{"id":572,"name":"Photology","data":{"name":"Photology - Photography Theme","pro":"0","slug":"photology","version":"","cover":["https:\/\/gutenverse.com\/wp-content\/uploads\/2022\/05\/screenahot-photology.jpg",1440,1944,false],"demo":"https:\/\/gutenverse.com\/demo?name=photology","host":"wporg","compatible_version":null,"requirements":[]},"categories":[{"id":34,"name":"Creative &amp; Portfolio","slug":"creative-portfolio"},{"id":40,"name":"Photography","slug":"photography"}],"author":{"name":"Gutenverse","url":"http:\/\/gutenverse.com"}},{"id":570,"name":"Financio","data":{"name":"Financio - Finance & Business Theme","pro":"0","slug":"financio","version":"","cover":["https:\/\/gutenverse.com\/wp-content\/uploads\/2022\/05\/ss-financio.webp",1440,1944,false],"demo":"https:\/\/gutenverse.com\/demo?name=financio","host":"wporg","compatible_version":null,"requirements":[]},"categories":[{"id":32,"name":"Business Services","slug":"business-services"},{"id":37,"name":"Finance Law","slug":"finance-law"}],"author":{"name":"Gutenverse","url":"http:\/\/gutenverse.com"}}]