[{"id":32,"name":"Business Services","slug":"business-services"},{"id":34,"name":"Creative &amp; Portfolio","slug":"creative-portfolio"},{"id":38,"name":"Fashion Beauty","slug":"fashion-beauty"},{"id":37,"name":"Finance Law","slug":"finance-law"},{"id":40,"name":"Photography","slug":"photography"},{"id":35,"name":"Real Estate Construction","slug":"real-estate-construction"},{"id":33,"name":"Technology Apps","slug":"technology-apps"},{"id":39,"name":"Travel Accomodation","slug":"travel-accomodation"}]